"timeDiff","status","Freq"
0,"0",572
1,"0",1
6,"0",1
7,"0",1
11,"0",1
12,"0",1
13,"0",2
15,"0",2
16,"0",1
17,"0",1
19,"0",1
21,"0",4
22,"0",0
23,"0",4
24,"0",1
25,"0",3
26,"0",0
27,"0",6
28,"0",1
29,"0",5
30,"0",0
31,"0",3
32,"0",1
33,"0",3
34,"0",2
35,"0",5
36,"0",2
37,"0",6
38,"0",4
39,"0",5
40,"0",7
41,"0",4
42,"0",7
43,"0",2
44,"0",8
45,"0",2
46,"0",4
47,"0",3
48,"0",5
49,"0",6
50,"0",9
51,"0",3
52,"0",9
53,"0",2
54,"0",13
55,"0",0
56,"0",9
57,"0",1
58,"0",6
59,"0",2
60,"0",7
61,"0",2
62,"0",14
63,"0",5
64,"0",11
65,"0",3
66,"0",12
67,"0",3
68,"0",12
69,"0",4
70,"0",13
71,"0",3
72,"0",13
73,"0",9
74,"0",10
75,"0",5
76,"0",11
77,"0",4
78,"0",9
79,"0",7
80,"0",3
81,"0",8
82,"0",2
83,"0",7
84,"0",5
85,"0",11
86,"0",7
87,"0",20
88,"0",3
89,"0",4
90,"0",2
91,"0",19
92,"0",2
93,"0",13
94,"0",0
95,"0",9
96,"0",4
97,"0",9
98,"0",2
99,"0",8
100,"0",4
101,"0",10
102,"0",6
103,"0",6
104,"0",2
105,"0",10
106,"0",2
107,"0",11
108,"0",6
109,"0",14
110,"0",3
111,"0",9
112,"0",2
113,"0",6
114,"0",3
115,"0",10
116,"0",2
117,"0",14
118,"0",5
119,"0",6
120,"0",13
121,"0",5
122,"0",8
123,"0",1
124,"0",11
125,"0",4
126,"0",12
127,"0",3
128,"0",14
129,"0",1
130,"0",11
131,"0",3
132,"0",10
133,"0",2
134,"0",12
135,"0",5
136,"0",10
137,"0",3
138,"0",14
139,"0",3
140,"0",7
141,"0",3
142,"0",12
143,"0",5
144,"0",9
145,"0",5
146,"0",7
147,"0",5
148,"0",9
149,"0",2
150,"0",11
151,"0",3
152,"0",10
153,"0",3
154,"0",8
155,"0",4
156,"0",12
157,"0",5
158,"0",9
159,"0",11
160,"0",2
161,"0",7
162,"0",1
163,"0",11
164,"0",4
165,"0",11
166,"0",1
167,"0",12
168,"0",3
169,"0",14
170,"0",3
171,"0",7
172,"0",2
173,"0",13
174,"0",1
175,"0",7
176,"0",4
177,"0",4
178,"0",3
179,"0",18
180,"0",2
181,"0",8
182,"0",4
183,"0",11
184,"0",1
185,"0",9
186,"0",3
187,"0",9
188,"0",1
189,"0",8
190,"0",2
191,"0",12
192,"0",3
193,"0",8
194,"0",4
195,"0",14
196,"0",3
197,"0",14
198,"0",9
199,"0",6
200,"0",12
201,"0",2
202,"0",9
203,"0",4
204,"0",7
205,"0",5
206,"0",9
207,"0",4
208,"0",7
209,"0",0
210,"0",5
211,"0",0
212,"0",8
213,"0",3
214,"0",11
215,"0",2
216,"0",6
217,"0",2
218,"0",14
219,"0",5
220,"0",9
221,"0",3
222,"0",9
223,"0",2
224,"0",10
225,"0",1
226,"0",10
227,"0",3
228,"0",8
229,"0",7
230,"0",8
231,"0",5
232,"0",2
233,"0",3
234,"0",8
235,"0",4
236,"0",9
237,"0",2
238,"0",8
239,"0",8
240,"0",3
241,"0",10
242,"0",1
243,"0",6
244,"0",2
245,"0",5
246,"0",0
247,"0",3
248,"0",2
249,"0",12
250,"0",5
251,"0",11
252,"0",1
253,"0",2
254,"0",3
255,"0",11
256,"0",3
257,"0",7
258,"0",5
259,"0",11
260,"0",5
261,"0",9
262,"0",2
263,"0",7
264,"0",1
265,"0",10
266,"0",2
267,"0",8
268,"0",4
269,"0",7
271,"0",7
272,"0",1
273,"0",7
274,"0",3
275,"0",6
276,"0",1
277,"0",13
278,"0",10
279,"0",2
280,"0",7
281,"0",2
282,"0",12
283,"0",4
284,"0",11
285,"0",1
286,"0",4
287,"0",8
288,"0",6
289,"0",3
290,"0",11
291,"0",3
292,"0",8
293,"0",3
294,"0",8
295,"0",0
296,"0",9
297,"0",1
298,"0",11
299,"0",2
300,"0",10
301,"0",5
302,"0",7
303,"0",4
304,"0",8
305,"0",2
306,"0",9
307,"0",3
308,"0",12
309,"0",1
310,"0",3
311,"0",2
312,"0",9
313,"0",1
314,"0",14
315,"0",1
316,"0",7
317,"0",9
318,"0",2
319,"0",9
320,"0",2
321,"0",9
322,"0",3
323,"0",9
324,"0",3
325,"0",8
327,"0",4
328,"0",2
329,"0",5
330,"0",3
331,"0",6
332,"0",2
333,"0",6
334,"0",5
335,"0",9
336,"0",3
337,"0",8
338,"0",2
339,"0",7
340,"0",4
341,"0",10
342,"0",3
343,"0",6
344,"0",5
345,"0",7
346,"0",1
347,"0",10
348,"0",4
349,"0",8
350,"0",1
351,"0",13
352,"0",3
353,"0",6
354,"0",2
355,"0",8
356,"0",4
357,"0",8
358,"0",10
359,"0",0
360,"0",10
361,"0",2
362,"0",6
364,"0",10
365,"0",1
366,"0",8
367,"0",3
368,"0",7
369,"0",2
370,"0",5
371,"0",4
372,"0",9
373,"0",2
374,"0",7
375,"0",3
376,"0",7
377,"0",3
378,"0",11
379,"0",0
380,"0",6
381,"0",1
382,"0",6
383,"0",3
384,"0",13
385,"0",6
386,"0",5
387,"0",1
388,"0",6
389,"0",4
390,"0",6
391,"0",4
392,"0",7
393,"0",1
394,"0",6
395,"0",2
396,"0",7
397,"0",8
398,"0",1
399,"0",11
400,"0",2
401,"0",5
402,"0",0
403,"0",2
404,"0",2
405,"0",10
406,"0",3
407,"0",7
408,"0",1
409,"0",6
410,"0",1
411,"0",6
412,"0",0
413,"0",3
414,"0",0
415,"0",11
416,"0",2
417,"0",12
418,"0",0
419,"0",7
420,"0",4
421,"0",5
422,"0",2
423,"0",4
424,"0",4
425,"0",13
426,"0",6
427,"0",13
428,"0",2
429,"0",6
430,"0",1
431,"0",6
432,"0",1
433,"0",2
434,"0",1
435,"0",6
436,"0",11
437,"0",2
438,"0",8
439,"0",1
440,"0",7
441,"0",2
442,"0",15
443,"0",1
444,"0",6
445,"0",2
446,"0",1
447,"0",5
448,"0",12
449,"0",5
450,"0",6
451,"0",1
452,"0",3
453,"0",1
454,"0",8
455,"0",1
456,"0",2
457,"0",2
458,"0",4
459,"0",2
460,"0",6
461,"0",2
462,"0",5
463,"0",1
464,"0",10
465,"0",1
466,"0",9
467,"0",2
468,"0",7
470,"0",2
471,"0",0
472,"0",6
473,"0",1
474,"0",7
475,"0",3
476,"0",3
477,"0",6
478,"0",2
479,"0",5
480,"0",3
481,"0",7
482,"0",6
483,"0",10
484,"0",1
485,"0",6
486,"0",1
487,"0",8
488,"0",6
489,"0",5
490,"0",1
491,"0",6
492,"0",3
493,"0",4
495,"0",8
496,"0",2
497,"0",6
498,"0",4
499,"0",4
500,"0",3
501,"0",5
502,"0",2
503,"0",7
504,"0",3
505,"0",4
506,"0",3
507,"0",4
508,"0",3
509,"0",5
510,"0",1
511,"0",10
512,"0",2
513,"0",3
514,"0",3
515,"0",6
516,"0",6
517,"0",2
518,"0",9
519,"0",2
520,"0",5
521,"0",1
522,"0",6
523,"0",1
524,"0",9
526,"0",7
527,"0",3
528,"0",6
529,"0",1
530,"0",10
531,"0",3
532,"0",4
533,"0",3
534,"0",7
535,"0",2
536,"0",4
537,"0",6
538,"0",11
539,"0",5
540,"0",8
541,"0",2
542,"0",6
543,"0",2
544,"0",6
545,"0",1
546,"0",4
547,"0",0
548,"0",8
549,"0",0
550,"0",7
551,"0",4
552,"0",4
553,"0",1
554,"0",3
555,"0",7
556,"0",1
557,"0",3
558,"0",6
559,"0",5
560,"0",0
561,"0",5
562,"0",2
563,"0",8
564,"0",3
565,"0",2
566,"0",3
567,"0",9
568,"0",1
569,"0",2
570,"0",0
571,"0",6
572,"0",1
573,"0",9
575,"0",4
576,"0",2
577,"0",7
578,"0",1
579,"0",8
580,"0",3
581,"0",7
582,"0",0
583,"0",5
584,"0",1
585,"0",8
586,"0",6
587,"0",2
588,"0",4
589,"0",6
590,"0",1
591,"0",5
592,"0",2
593,"0",5
594,"0",1
595,"0",6
596,"0",5
597,"0",2
598,"0",10
600,"0",6
601,"0",1
602,"0",5
603,"0",1
604,"0",9
606,"0",7
607,"0",3
608,"0",5
609,"0",1
610,"0",3
611,"0",2
612,"0",9
613,"0",0
614,"0",3
615,"0",2
616,"0",8
617,"0",2
618,"0",6
619,"0",2
620,"0",2
621,"0",1
622,"0",5
623,"0",2
624,"0",5
625,"0",1
626,"0",4
627,"0",1
628,"0",6
629,"0",2
630,"0",4
631,"0",1
632,"0",5
633,"0",4
634,"0",3
635,"0",5
636,"0",1
637,"0",4
638,"0",1
639,"0",7
640,"0",1
641,"0",8
642,"0",1
643,"0",6
644,"0",0
645,"0",3
646,"0",0
647,"0",5
648,"0",1
649,"0",6
650,"0",1
651,"0",4
653,"0",8
655,"0",2
656,"0",1
657,"0",5
658,"0",1
659,"0",6
660,"0",2
661,"0",9
662,"0",2
663,"0",5
664,"0",1
665,"0",2
666,"0",2
667,"0",6
668,"0",6
669,"0",7
670,"0",2
671,"0",5
672,"0",2
673,"0",2
674,"0",1
675,"0",6
676,"0",5
677,"0",1
678,"0",2
679,"0",2
680,"0",7
681,"0",1
682,"0",9
683,"0",1
684,"0",3
686,"0",7
688,"0",4
689,"0",4
690,"0",3
691,"0",1
692,"0",1
693,"0",3
694,"0",4
695,"0",2
696,"0",4
697,"0",0
698,"0",9
699,"0",2
700,"0",7
701,"0",1
702,"0",4
703,"0",4
704,"0",5
705,"0",2
706,"0",6
707,"0",2
708,"0",6
709,"0",1
710,"0",1
711,"0",0
712,"0",4
713,"0",1
714,"0",4
715,"0",4
716,"0",3
717,"0",2
718,"0",1
719,"0",5
721,"0",4
722,"0",1
723,"0",8
724,"0",1
725,"0",5
726,"0",3
727,"0",8
728,"0",0
729,"0",10
730,"0",1
731,"0",4
732,"0",2
733,"0",5
734,"0",0
735,"0",7
737,"0",3
738,"0",2
739,"0",7
740,"0",2
741,"0",4
742,"0",3
743,"0",4
744,"0",1
745,"0",3
746,"0",4
747,"0",3
748,"0",3
749,"0",9
750,"0",2
751,"0",5
752,"0",2
753,"0",2
754,"0",7
755,"0",2
756,"0",4
757,"0",1
758,"0",2
759,"0",3
760,"0",4
761,"0",2
762,"0",2
764,"0",2
765,"0",2
766,"0",6
767,"0",2
768,"0",8
769,"0",1
770,"0",3
771,"0",2
772,"0",3
773,"0",2
774,"0",7
775,"0",2
776,"0",5
777,"0",2
778,"0",3
779,"0",0
780,"0",5
782,"0",8
783,"0",1
784,"0",3
785,"0",1
786,"0",6
787,"0",2
788,"0",7
790,"0",2
791,"0",2
792,"0",4
793,"0",2
794,"0",3
795,"0",3
797,"0",4
798,"0",1
799,"0",3
800,"0",2
801,"0",6
802,"0",2
803,"0",6
804,"0",2
805,"0",7
806,"0",2
807,"0",4
808,"0",1
809,"0",5
811,"0",3
812,"0",5
813,"0",5
815,"0",6
816,"0",2
817,"0",4
819,"0",3
821,"0",4
822,"0",1
823,"0",5
824,"0",1
825,"0",7
826,"0",1
827,"0",1
828,"0",0
829,"0",6
831,"0",3
832,"0",0
833,"0",2
834,"0",2
836,"0",3
837,"0",0
838,"0",7
839,"0",1
840,"0",3
841,"0",0
842,"0",5
843,"0",1
844,"0",3
846,"0",1
847,"0",4
848,"0",3
849,"0",1
850,"0",5
851,"0",2
852,"0",4
853,"0",2
854,"0",1
856,"0",5
857,"0",0
858,"0",5
859,"0",1
860,"0",6
861,"0",2
862,"0",7
863,"0",1
864,"0",4
865,"0",2
866,"0",5
867,"0",2
868,"0",10
869,"0",1
870,"0",6
871,"0",3
872,"0",3
873,"0",3
874,"0",2
875,"0",6
876,"0",2
877,"0",1
878,"0",1
879,"0",3
880,"0",0
881,"0",6
882,"0",1
883,"0",7
884,"0",1
885,"0",3
886,"0",2
887,"0",5
888,"0",1
889,"0",2
890,"0",0
891,"0",7
892,"0",1
893,"0",4
894,"0",4
895,"0",2
896,"0",4
897,"0",4
898,"0",2
899,"0",6
900,"0",2
901,"0",5
902,"0",0
903,"0",1
904,"0",1
905,"0",6
907,"0",8
908,"0",4
909,"0",4
910,"0",2
911,"0",6
912,"0",4
913,"0",3
914,"0",5
916,"0",1
917,"0",1
918,"0",3
920,"0",4
922,"0",4
924,"0",6
925,"0",3
926,"0",4
927,"0",4
928,"0",6
929,"0",1
930,"0",5
931,"0",2
932,"0",4
933,"0",4
934,"0",0
935,"0",1
936,"0",2
937,"0",2
938,"0",4
939,"0",0
940,"0",6
941,"0",1
942,"0",5
943,"0",1
944,"0",6
945,"0",3
946,"0",2
947,"0",3
948,"0",5
949,"0",1
950,"0",1
952,"0",2
953,"0",6
954,"0",3
955,"0",1
956,"0",0
957,"0",6
958,"0",3
959,"0",1
960,"0",2
961,"0",5
962,"0",1
963,"0",7
964,"0",2
965,"0",8
966,"0",1
967,"0",5
968,"0",2
969,"0",4
970,"0",1
971,"0",7
972,"0",1
973,"0",4
974,"0",2
975,"0",1
976,"0",1
977,"0",3
978,"0",0
979,"0",2
981,"0",4
982,"0",0
983,"0",1
984,"0",2
985,"0",4
986,"0",1
987,"0",4
988,"0",3
989,"0",2
990,"0",2
991,"0",0
992,"0",6
993,"0",0
994,"0",2
995,"0",3
996,"0",5
997,"0",2
998,"0",3
1000,"0",4
1001,"0",2
1002,"0",4
1003,"0",0
1004,"0",5
1005,"0",3
1006,"0",6
1007,"0",0
1008,"0",4
1009,"0",0
1010,"0",2
1011,"0",2
1012,"0",6
1013,"0",2
1014,"0",5
1015,"0",0
1016,"0",4
1017,"0",5
1018,"0",1
1019,"0",3
1020,"0",5
1021,"0",2
1022,"0",2
1023,"0",0
1024,"0",3
1025,"0",5
1026,"0",4
1027,"0",3
1028,"0",7
1029,"0",0
1030,"0",2
1032,"0",6
1033,"0",2
1034,"0",0
1035,"0",2
1036,"0",5
1037,"0",4
1038,"0",1
1039,"0",3
1040,"0",1
1041,"0",2
1042,"0",1
1043,"0",6
1044,"0",2
1045,"0",3
1046,"0",2
1047,"0",3
1048,"0",2
1049,"0",7
1050,"0",1
1051,"0",3
1052,"0",1
1053,"0",3
1054,"0",1
1055,"0",3
1056,"0",2
1057,"0",0
1058,"0",3
1059,"0",6
1060,"0",1
1061,"0",1
1062,"0",1
1063,"0",3
1064,"0",0
1065,"0",2
1067,"0",2
1068,"0",0
1069,"0",5
1070,"0",2
1071,"0",1
1072,"0",3
1073,"0",1
1074,"0",4
1075,"0",1
1076,"0",4
1077,"0",3
1078,"0",3
1079,"0",1
1080,"0",6
1081,"0",1
1082,"0",8
1083,"0",2
1084,"0",3
1086,"0",3
1087,"0",2
1088,"0",4
1089,"0",1
1090,"0",2
1091,"0",2
1092,"0",1
1093,"0",3
1094,"0",5
1096,"0",2
1097,"0",1
1098,"0",5
1100,"0",3
1101,"0",1
1102,"0",2
1104,"0",4
1106,"0",5
1107,"0",4
1108,"0",3
1109,"0",1
1110,"0",3
1111,"0",4
1112,"0",1
1113,"0",9
1115,"0",7
1117,"0",3
1118,"0",0
1119,"0",3
1120,"0",3
1121,"0",2
1122,"0",1
1123,"0",5
1124,"0",0
1125,"0",3
1126,"0",1
1127,"0",3
1128,"0",1
1129,"0",5
1130,"0",1
1131,"0",4
1132,"0",1
1133,"0",2
1135,"0",4
1136,"0",1
1137,"0",3
1138,"0",2
1139,"0",2
1141,"0",1
1142,"0",3
1143,"0",3
1144,"0",3
1145,"0",2
1146,"0",1
1147,"0",6
1148,"0",0
1149,"0",3
1151,"0",2
1152,"0",8
1153,"0",1
1154,"0",2
1155,"0",2
1156,"0",3
1157,"0",1
1158,"0",2
1159,"0",0
1160,"0",3
1161,"0",1
1162,"0",5
1163,"0",2
1164,"0",2
1166,"0",2
1167,"0",1
1168,"0",3
1169,"0",2
1170,"0",3
1171,"0",2
1172,"0",4
1173,"0",0
1174,"0",1
1175,"0",1
1176,"0",4
1177,"0",1
1178,"0",4
1179,"0",1
1180,"0",4
1181,"0",4
1182,"0",3
1183,"0",2
1184,"0",3
1185,"0",0
1186,"0",3
1187,"0",2
1188,"0",3
1190,"0",3
1191,"0",6
1192,"0",2
1193,"0",5
1195,"0",2
1196,"0",1
1197,"0",5
1198,"0",1
1199,"0",1
1200,"0",1
1201,"0",8
1203,"0",5
1204,"0",3
1205,"0",3
1206,"0",4
1207,"0",2
1208,"0",1
1209,"0",5
1210,"0",1
1211,"0",1
1213,"0",3
1215,"0",5
1216,"0",2
1217,"0",4
1218,"0",1
1219,"0",5
1220,"0",1
1221,"0",3
1222,"0",1
1223,"0",2
1224,"0",0
1225,"0",0
1226,"0",1
1227,"0",3
1229,"0",4
1230,"0",3
1231,"0",1
1232,"0",3
1233,"0",3
1234,"0",1
1236,"0",3
1237,"0",1
1238,"0",3
1239,"0",3
1240,"0",3
1241,"0",1
1242,"0",3
1243,"0",2
1244,"0",4
1245,"0",3
1246,"0",5
1248,"0",2
1249,"0",2
1250,"0",2
1251,"0",1
1252,"0",5
1253,"0",1
1254,"0",2
1255,"0",4
1256,"0",3
1257,"0",2
1258,"0",3
1259,"0",0
1260,"0",2
1261,"0",1
1262,"0",6
1263,"0",1
1264,"0",3
1265,"0",0
1266,"0",2
1267,"0",0
1268,"0",4
1269,"0",1
1270,"0",6
1271,"0",2
1272,"0",1
1273,"0",3
1274,"0",1
1275,"0",3
1277,"0",1
1278,"0",1
1279,"0",4
1281,"0",2
1282,"0",1
1283,"0",3
1285,"0",1
1286,"0",1
1287,"0",3
1289,"0",4
1290,"0",0
1291,"0",5
1292,"0",1
1293,"0",4
1294,"0",4
1295,"0",0
1296,"0",1
1297,"0",2
1299,"0",0
1300,"0",1
1301,"0",2
1302,"0",1
1303,"0",6
1304,"0",2
1305,"0",1
1306,"0",1
1307,"0",1
1308,"0",1
1309,"0",1
1310,"0",5
1311,"0",0
1312,"0",4
1313,"0",3
1314,"0",2
1315,"0",0
1316,"0",5
1317,"0",1
1318,"0",1
1319,"0",0
1320,"0",2
1321,"0",2
1322,"0",4
1323,"0",1
1324,"0",4
1326,"0",2
1327,"0",1
1328,"0",2
1330,"0",1
1331,"0",1
1332,"0",2
1333,"0",0
1334,"0",4
1335,"0",1
1336,"0",0
1337,"0",0
1338,"0",2
1339,"0",1
1340,"0",5
1341,"0",0
1342,"0",7
1344,"0",0
1346,"0",5
1347,"0",1
1348,"0",3
1349,"0",1
1350,"0",1
1351,"0",4
1352,"0",2
1353,"0",4
1354,"0",1
1355,"0",6
1356,"0",3
1357,"0",3
1358,"0",1
1359,"0",3
1360,"0",1
1361,"0",2
1362,"0",1
1363,"0",2
1364,"0",2
1365,"0",2
1367,"0",4
1369,"0",0
1370,"0",1
1371,"0",1
1372,"0",1
1373,"0",3
1376,"0",0
1377,"0",3
1378,"0",1
1379,"0",5
1380,"0",1
1381,"0",6
1382,"0",1
1383,"0",7
1384,"0",3
1385,"0",2
1386,"0",3
1387,"0",7
1388,"0",1
1389,"0",2
1390,"0",4
1391,"0",1
1392,"0",3
1393,"0",3
1394,"0",2
1395,"0",1
1396,"0",3
1397,"0",0
1398,"0",5
1399,"0",0
1400,"0",5
1401,"0",1
1402,"0",4
1403,"0",1
1404,"0",3
1405,"0",2
1406,"0",1
1407,"0",0
1408,"0",3
1410,"0",4
1411,"0",1
1412,"0",4
1413,"0",3
1414,"0",7
1415,"0",1
1416,"0",6
1418,"0",4
1420,"0",8
1421,"0",1
1422,"0",1
1423,"0",1
1424,"0",4
1426,"0",4
1427,"0",1
1428,"0",2
1429,"0",3
1431,"0",4
1432,"0",1
1433,"0",3
1434,"0",2
1435,"0",3
1437,"0",3
1439,"0",3
1441,"0",3
1442,"0",1
1444,"0",1
1445,"0",5
1446,"0",3
1447,"0",5
1448,"0",1
1449,"0",4
1450,"0",1
1451,"0",0
1452,"0",2
1453,"0",3
1454,"0",2
1455,"0",4
1456,"0",1
1457,"0",1
1458,"0",1
1460,"0",0
1461,"0",5
1462,"0",1
1463,"0",7
1464,"0",0
1465,"0",4
1467,"0",3
1468,"0",2
1469,"0",1
1470,"0",2
1471,"0",2
1472,"0",2
1473,"0",1
1474,"0",3
1475,"0",1
1476,"0",2
1478,"0",1
1480,"0",0
1482,"0",2
1483,"0",1
1485,"0",1
1486,"0",4
1488,"0",1
1489,"0",3
1490,"0",0
1491,"0",4
1492,"0",1
1494,"0",3
1495,"0",3
1496,"0",3
1497,"0",1
1498,"0",4
1499,"0",1
1500,"0",4
1501,"0",1
1502,"0",3
1504,"0",1
1506,"0",5
1508,"0",2
1509,"0",2
1510,"0",1
1511,"0",2
1515,"0",7
1517,"0",1
1518,"0",1
1519,"0",5
1520,"0",0
1521,"0",4
1523,"0",2
1524,"0",2
1525,"0",5
1527,"0",0
1528,"0",1
1529,"0",6
1531,"0",3
1533,"0",3
1534,"0",1
1535,"0",6
1537,"0",4
1538,"0",1
1539,"0",2
1540,"0",2
1541,"0",2
1542,"0",4
1543,"0",2
1544,"0",0
1545,"0",1
1547,"0",2
1548,"0",3
1549,"0",3
1550,"0",2
1551,"0",1
1552,"0",5
1553,"0",1
1554,"0",2
1556,"0",2
1558,"0",4
1560,"0",2
1561,"0",1
1562,"0",1
1563,"0",1
1564,"0",2
1565,"0",3
1566,"0",3
1567,"0",1
1568,"0",3
1569,"0",1
1570,"0",3
1571,"0",2
1572,"0",2
1573,"0",2
1574,"0",2
1575,"0",1
1576,"0",1
1577,"0",2
1578,"0",1
1579,"0",1
1580,"0",3
1581,"0",1
1582,"0",3
1583,"0",1
1584,"0",2
1585,"0",1
1586,"0",4
1589,"0",5
1590,"0",1
1591,"0",0
1592,"0",0
1593,"0",2
1594,"0",0
1595,"0",2
1597,"0",1
1598,"0",3
1599,"0",5
1601,"0",4
1602,"0",1
1603,"0",4
1605,"0",4
1606,"0",1
1607,"0",3
1609,"0",3
1610,"0",1
1611,"0",2
1612,"0",1
1613,"0",5
1615,"0",3
1616,"0",1
1617,"0",0
1618,"0",1
1619,"0",2
1621,"0",4
1622,"0",1
1623,"0",1
1624,"0",2
1625,"0",2
1626,"0",2
1627,"0",2
1628,"0",1
1629,"0",2
1630,"0",0
1632,"0",2
1634,"0",2
1635,"0",1
1636,"0",0
1637,"0",2
1638,"0",2
1639,"0",2
1640,"0",5
1642,"0",4
1643,"0",1
1644,"0",2
1645,"0",0
1646,"0",2
1647,"0",2
1648,"0",2
1649,"0",1
1650,"0",3
1651,"0",2
1652,"0",1
1653,"0",1
1654,"0",1
1655,"0",2
1656,"0",2
1657,"0",2
1658,"0",4
1660,"0",0
1662,"0",2
1663,"0",1
1664,"0",1
1665,"0",1
1666,"0",3
1667,"0",2
1668,"0",2
1669,"0",4
1670,"0",2
1671,"0",2
1672,"0",1
1673,"0",3
1675,"0",5
1676,"0",1
1678,"0",2
1679,"0",3
1681,"0",5
1682,"0",1
1683,"0",0
1684,"0",1
1685,"0",3
1686,"0",1
1687,"0",3
1688,"0",0
1689,"0",3
1691,"0",1
1692,"0",1
1693,"0",2
1694,"0",2
1695,"0",2
1696,"0",1
1697,"0",2
1698,"0",1
1699,"0",4
1700,"0",2
1701,"0",1
1702,"0",1
1703,"0",4
1705,"0",1
1706,"0",1
1707,"0",5
1708,"0",0
1709,"0",0
1710,"0",4
1711,"0",1
1712,"0",5
1713,"0",1
1714,"0",5
1715,"0",1
1716,"0",3
1718,"0",1
1719,"0",1
1720,"0",3
1721,"0",0
1722,"0",3
1723,"0",1
1724,"0",2
1726,"0",1
1728,"0",2
1729,"0",3
1730,"0",3
1733,"0",2
1734,"0",1
1736,"0",3
1737,"0",0
1738,"0",1
1739,"0",1
1740,"0",0
1741,"0",1
1742,"0",1
1743,"0",1
1744,"0",2
1745,"0",2
1746,"0",0
1747,"0",2
1748,"0",1
1749,"0",0
1750,"0",1
1751,"0",3
1753,"0",3
1757,"0",2
1759,"0",2
1760,"0",2
1761,"0",2
1762,"0",0
1763,"0",2
1765,"0",1
1767,"0",2
1768,"0",1
1769,"0",0
1770,"0",2
1771,"0",3
1773,"0",3
1774,"0",0
1775,"0",0
1776,"0",0
1777,"0",4
1779,"0",2
1780,"0",1
1781,"0",2
1782,"0",2
1783,"0",3
1784,"0",1
1785,"0",3
1786,"0",4
1787,"0",0
1788,"0",5
1789,"0",2
1790,"0",4
1791,"0",1
1792,"0",2
1794,"0",5
1796,"0",3
1798,"0",3
1799,"0",1
1800,"0",1
1801,"0",1
1802,"0",2
1803,"0",2
1804,"0",2
1805,"0",3
1806,"0",1
1807,"0",1
1808,"0",3
1810,"0",2
1811,"0",0
1812,"0",0
1813,"0",0
1814,"0",1
1815,"0",1
1816,"0",2
1817,"0",1
1820,"0",2
1821,"0",2
1822,"0",1
1823,"0",2
1824,"0",1
1825,"0",1
1826,"0",2
1827,"0",3
1829,"0",4
1831,"0",2
1833,"0",4
1834,"0",2
1835,"0",1
1836,"0",1
1837,"0",2
1838,"0",0
1839,"0",2
1841,"0",2
1842,"0",1
1843,"0",3
1845,"0",2
1846,"0",0
1847,"0",1
1848,"0",1
1849,"0",6
1850,"0",1
1851,"0",2
1852,"0",2
1853,"0",1
1854,"0",2
1855,"0",3
1856,"0",1
1857,"0",6
1858,"0",0
1859,"0",2
1860,"0",2
1861,"0",6
1863,"0",2
1864,"0",1
1865,"0",0
1866,"0",2
1867,"0",2
1868,"0",4
1870,"0",3
1871,"0",0
1872,"0",2
1873,"0",3
1874,"0",2
1875,"0",0
1876,"0",1
1877,"0",1
1878,"0",1
1880,"0",0
1881,"0",0
1882,"0",4
1883,"0",1
1884,"0",1
1885,"0",1
1886,"0",4
1888,"0",2
1890,"0",2
1891,"0",1
1893,"0",0
1894,"0",2
1895,"0",2
1896,"0",3
1898,"0",4
1899,"0",6
1900,"0",3
1901,"0",1
1902,"0",2
1903,"0",2
1904,"0",1
1905,"0",4
1906,"0",1
1907,"0",3
1908,"0",2
1909,"0",1
1910,"0",2
1911,"0",4
1913,"0",1
1914,"0",1
1915,"0",3
1917,"0",0
1919,"0",1
1921,"0",3
1922,"0",1
1923,"0",2
1924,"0",0
1925,"0",1
1926,"0",1
1927,"0",1
1928,"0",0
1929,"0",4
1930,"0",3
1931,"0",5
1932,"0",1
1933,"0",5
1935,"0",2
1936,"0",1
1937,"0",1
1938,"0",1
1939,"0",2
1940,"0",2
1941,"0",5
1942,"0",2
1943,"0",3
1944,"0",0
1945,"0",3
1946,"0",1
1948,"0",4
1949,"0",1
1950,"0",1
1951,"0",1
1952,"0",3
1953,"0",3
1954,"0",1
1955,"0",2
1956,"0",3
1958,"0",1
1960,"0",2
1961,"0",1
1962,"0",3
1963,"0",1
1964,"0",2
1965,"0",0
1966,"0",1
1970,"0",5
1971,"0",1
1972,"0",4
1973,"0",1
1974,"0",5
1975,"0",2
1976,"0",3
1977,"0",1
1978,"0",1
1979,"0",1
1980,"0",1
1981,"0",2
1982,"0",1
1983,"0",2
1984,"0",0
1985,"0",1
1986,"0",1
1987,"0",1
1988,"0",2
1989,"0",4
1990,"0",2
1991,"0",3
1993,"0",4
1995,"0",1
1997,"0",1
1999,"0",1
2000,"0",4
2002,"0",1
2003,"0",1
2005,"0",2
2006,"0",1
2007,"0",2
2008,"0",3
2009,"0",1
2010,"0",1
2011,"0",5
2013,"0",1
2014,"0",1
2015,"0",1
2017,"0",3
2018,"0",0
2019,"0",1
2020,"0",3
2021,"0",4
2022,"0",1
2023,"0",1
2024,"0",1
2026,"0",2
2028,"0",5
2030,"0",1
2031,"0",2
2032,"0",6
2033,"0",2
2034,"0",2
2036,"0",1
2037,"0",2
2038,"0",3
2039,"0",1
2040,"0",1
2041,"0",1
2042,"0",4
2043,"0",2
2044,"0",2
2046,"0",0
2047,"0",1
2048,"0",2
2049,"0",2
2050,"0",1
2051,"0",0
2052,"0",1
2053,"0",1
2054,"0",3
2056,"0",0
2057,"0",1
2058,"0",2
2059,"0",3
2060,"0",1
2061,"0",1
2062,"0",1
2063,"0",1
2064,"0",4
2065,"0",0
2067,"0",3
2069,"0",2
2070,"0",0
2071,"0",2
2072,"0",1
2073,"0",5
2074,"0",1
2075,"0",1
2076,"0",3
2077,"0",4
2078,"0",2
2079,"0",1
2080,"0",2
2081,"0",4
2083,"0",3
2085,"0",4
2086,"0",2
2089,"0",3
2091,"0",4
2093,"0",3
2094,"0",2
2095,"0",2
2097,"0",0
2099,"0",3
2101,"0",2
2103,"0",2
2104,"0",0
2105,"0",1
2106,"0",2
2107,"0",1
2108,"0",1
2110,"0",3
2112,"0",7
2113,"0",2
2114,"0",2
2115,"0",2
2116,"0",1
2117,"0",1
2118,"0",1
2119,"0",1
2120,"0",2
2121,"0",2
2122,"0",1
2123,"0",1
2124,"0",1
2125,"0",1
2126,"0",2
2127,"0",1
2128,"0",2
2129,"0",1
2130,"0",1
2132,"0",3
2133,"0",1
2134,"0",2
2136,"0",1
2138,"0",2
2140,"0",2
2142,"0",2
2144,"0",1
2145,"0",2
2146,"0",0
2147,"0",2
2149,"0",2
2151,"0",3
2152,"0",2
2153,"0",1
2154,"0",0
2155,"0",1
2156,"0",0
2157,"0",2
2158,"0",1
2159,"0",1
2160,"0",1
2161,"0",3
2162,"0",1
2163,"0",2
2164,"0",1
2165,"0",1
2168,"0",1
2169,"0",3
2171,"0",1
2173,"0",3
2174,"0",2
2175,"0",3
2176,"0",2
2177,"0",3
2178,"0",1
2179,"0",2
2180,"0",2
2181,"0",1
2183,"0",4
2184,"0",2
2185,"0",0
2186,"0",2
2187,"0",1
2188,"0",2
2189,"0",1
2190,"0",1
2192,"0",1
2194,"0",1
2195,"0",2
2196,"0",4
2197,"0",1
2198,"0",1
2199,"0",0
2200,"0",4
2201,"0",0
2202,"0",5
2203,"0",1
2204,"0",3
2205,"0",2
2206,"0",1
2208,"0",1
2209,"0",0
2210,"0",0
2212,"0",1
2213,"0",1
2214,"0",2
2215,"0",1
2216,"0",1
2218,"0",3
2219,"0",0
2220,"0",2
2221,"0",2
2222,"0",1
2223,"0",4
2224,"0",1
2225,"0",2
2226,"0",1
2227,"0",3
2229,"0",3
2230,"0",1
2231,"0",1
2232,"0",1
2233,"0",0
2235,"0",1
2236,"0",2
2237,"0",2
2239,"0",1
2242,"0",1
2243,"0",1
2244,"0",1
2245,"0",2
2247,"0",3
2248,"0",1
2249,"0",2
2250,"0",1
2251,"0",4
2252,"0",2
2253,"0",2
2255,"0",2
2256,"0",3
2257,"0",0
2258,"0",1
2259,"0",0
2260,"0",1
2261,"0",2
2262,"0",0
2263,"0",3
2264,"0",1
2265,"0",1
2266,"0",5
2267,"0",1
2268,"0",2
2269,"0",1
2270,"0",2
2271,"0",2
2272,"0",2
2274,"0",1
2275,"0",1
2276,"0",2
2277,"0",1
2278,"0",2
2279,"0",1
2280,"0",0
2282,"0",1
2283,"0",0
2284,"0",2
2286,"0",4
2287,"0",1
2288,"0",2
2290,"0",1
2291,"0",2
2292,"0",4
2293,"0",0
2294,"0",1
2296,"0",1
2297,"0",2
2298,"0",1
2299,"0",2
2301,"0",0
2302,"0",1
2303,"0",1
2304,"0",1
2305,"0",2
2306,"0",2
2307,"0",0
2309,"0",2
2311,"0",4
2312,"0",3
2313,"0",1
2314,"0",1
2315,"0",2
2317,"0",0
2318,"0",1
2319,"0",4
2321,"0",1
2323,"0",3
2324,"0",1
2326,"0",1
2328,"0",1
2329,"0",4
2330,"0",0
2331,"0",1
2332,"0",0
2333,"0",3
2334,"0",0
2335,"0",1
2336,"0",1
2337,"0",3
2338,"0",1
2339,"0",2
2340,"0",1
2342,"0",5
2343,"0",4
2344,"0",3
2345,"0",1
2346,"0",4
2350,"0",1
2351,"0",0
2352,"0",2
2353,"0",0
2354,"0",2
2355,"0",1
2356,"0",3
2357,"0",0
2358,"0",5
2359,"0",1
2360,"0",2
2361,"0",2
2362,"0",1
2364,"0",1
2366,"0",0
2367,"0",1
2368,"0",1
2369,"0",1
2370,"0",1
2371,"0",1
2372,"0",4
2373,"0",2
2374,"0",1
2376,"0",1
2377,"0",2
2378,"0",4
2380,"0",1
2381,"0",1
2382,"0",2
2383,"0",1
2385,"0",3
2387,"0",0
2389,"0",3
2390,"0",1
2391,"0",0
2393,"0",3
2394,"0",1
2395,"0",2
2396,"0",1
2397,"0",0
2399,"0",3
2400,"0",2
2401,"0",1
2403,"0",1
2404,"0",3
2405,"0",3
2407,"0",3
2408,"0",3
2409,"0",1
2410,"0",1
2411,"0",2
2413,"0",3
2414,"0",0
2415,"0",0
2416,"0",0
2417,"0",3
2418,"0",1
2419,"0",3
2420,"0",1
2421,"0",0
2422,"0",2
2424,"0",2
2425,"0",1
2426,"0",3
2427,"0",2
2428,"0",1
2430,"0",1
2431,"0",1
2432,"0",1
2433,"0",2
2434,"0",2
2435,"0",2
2436,"0",3
2437,"0",2
2438,"0",5
2439,"0",1
2440,"0",1
2441,"0",0
2442,"0",0
2444,"0",2
2445,"0",1
2446,"0",3
2447,"0",0
2448,"0",4
2450,"0",1
2451,"0",1
2452,"0",3
2453,"0",1
2454,"0",0
2455,"0",1
2456,"0",0
2458,"0",0
2459,"0",1
2460,"0",2
2462,"0",1
2463,"0",1
2465,"0",3
2467,"0",0
2468,"0",1
2469,"0",2
2470,"0",2
2471,"0",1
2473,"0",4
2475,"0",2
2476,"0",1
2477,"0",1
2479,"0",1
2480,"0",1
2481,"0",2
2482,"0",1
2483,"0",3
2484,"0",2
2485,"0",3
2487,"0",1
2489,"0",2
2490,"0",1
2491,"0",0
2492,"0",1
2493,"0",4
2495,"0",2
2497,"0",1
2498,"0",1
2499,"0",3
2500,"0",1
2501,"0",3
2502,"0",1
2504,"0",2
2506,"0",6
2508,"0",6
2510,"0",1
2511,"0",1
2512,"0",1
2514,"0",1
2516,"0",5
2518,"0",1
2519,"0",2
2520,"0",3
2521,"0",1
2522,"0",1
2523,"0",1
2524,"0",4
2525,"0",2
2526,"0",2
2529,"0",1
2530,"0",3
2531,"0",0
2532,"0",1
2533,"0",0
2534,"0",2
2536,"0",2
2540,"0",3
2541,"0",3
2542,"0",1
2543,"0",2
2545,"0",2
2547,"0",2
2548,"0",2
2549,"0",3
2550,"0",2
2551,"0",3
2552,"0",0
2553,"0",3
2554,"0",0
2555,"0",0
2557,"0",2
2558,"0",2
2559,"0",1
2560,"0",0
2561,"0",2
2562,"0",0
2563,"0",2
2565,"0",1
2566,"0",1
2567,"0",3
2568,"0",1
2569,"0",1
2571,"0",6
2572,"0",1
2573,"0",1
2574,"0",1
2575,"0",3
2577,"0",2
2578,"0",0
2579,"0",1
2580,"0",3
2582,"0",2
2584,"0",4
2586,"0",2
2587,"0",1
2588,"0",1
2589,"0",1
2590,"0",3
2591,"0",0
2592,"0",2
2593,"0",1
2594,"0",1
2596,"0",1
2597,"0",1
2598,"0",1
2599,"0",4
2600,"0",3
2601,"0",0
2602,"0",0
2604,"0",4
2606,"0",1
2607,"0",2
2610,"0",3
2612,"0",0
2613,"0",1
2614,"0",2
2616,"0",2
2617,"0",1
2618,"0",1
2620,"0",1
2621,"0",3
2622,"0",0
2623,"0",3
2625,"0",2
2627,"0",1
2628,"0",1
2629,"0",2
2630,"0",1
2631,"0",2
2633,"0",3
2635,"0",3
2637,"0",1
2639,"0",2
2641,"0",0
2642,"0",0
2645,"0",3
2647,"0",2
2648,"0",1
2649,"0",1
2650,"0",1
2651,"0",1
2652,"0",2
2653,"0",2
2654,"0",1
2657,"0",1
2659,"0",1
2660,"0",1
2661,"0",3
2662,"0",2
2663,"0",1
2664,"0",0
2665,"0",1
2666,"0",4
2667,"0",1
2668,"0",3
2669,"0",1
2670,"0",2
2672,"0",1
2673,"0",2
2674,"0",1
2676,"0",3
2677,"0",1
2678,"0",2
2680,"0",3
2681,"0",0
2682,"0",3
2684,"0",4
2686,"0",1
2687,"0",3
2690,"0",4
2691,"0",1
2692,"0",1
2693,"0",1
2694,"0",1
2695,"0",1
2696,"0",1
2697,"0",1
2698,"0",2
2700,"0",1
2701,"0",3
2703,"0",1
2705,"0",3
2706,"0",1
2707,"0",2
2708,"0",1
2709,"0",4
2711,"0",1
2712,"0",1
2713,"0",2
2715,"0",1
2716,"0",1
2717,"0",1
2718,"0",0
2719,"0",3
2721,"0",3
2723,"0",1
2724,"0",2
2725,"0",3
2726,"0",0
2727,"0",0
2729,"0",1
2732,"0",0
2733,"0",2
2734,"0",1
2735,"0",4
2737,"0",0
2739,"0",2
2740,"0",2
2741,"0",1
2742,"0",1
2744,"0",3
2746,"0",3
2748,"0",2
2749,"0",1
2750,"0",1
2752,"0",4
2754,"0",1
2756,"0",1
2757,"0",1
2758,"0",3
2760,"0",2
2761,"0",2
2762,"0",3
2764,"0",0
2766,"0",0
2767,"0",3
2768,"0",3
2769,"0",1
2770,"0",3
2771,"0",1
2772,"0",1
2773,"0",2
2774,"0",3
2775,"0",1
2777,"0",2
2778,"0",1
2779,"0",0
2780,"0",1
2781,"0",2
2783,"0",3
2784,"0",1
2785,"0",2
2786,"0",1
2787,"0",1
2789,"0",1
2790,"0",0
2791,"0",2
2792,"0",1
2793,"0",1
2795,"0",4
2796,"0",1
2797,"0",3
2799,"0",1
2801,"0",2
2802,"0",2
2803,"0",1
2804,"0",0
2805,"0",0
2807,"0",3
2809,"0",1
2811,"0",2
2813,"0",2
2814,"0",0
2815,"0",3
2817,"0",3
2818,"0",2
2819,"0",3
2820,"0",2
2823,"0",2
2824,"0",1
2825,"0",1
2826,"0",2
2828,"0",0
2830,"0",4
2831,"0",1
2832,"0",2
2833,"0",1
2834,"0",1
2835,"0",0
2836,"0",2
2838,"0",3
2839,"0",1
2840,"0",3
2842,"0",1
2844,"0",3
2846,"0",3
2847,"0",1
2850,"0",1
2852,"0",5
2853,"0",0
2854,"0",1
2856,"0",1
2858,"0",2
2859,"0",4
2860,"0",1
2861,"0",3
2863,"0",1
2864,"0",1
2865,"0",2
2867,"0",0
2868,"0",2
2869,"0",1
2870,"0",1
2871,"0",1
2873,"0",2
2875,"0",2
2877,"0",2
2879,"0",1
2881,"0",0
2882,"0",3
2883,"0",2
2884,"0",1
2885,"0",3
2887,"0",0
2888,"0",2
2889,"0",2
2891,"0",2
2893,"0",0
2894,"0",0
2895,"0",5
2897,"0",2
2898,"0",2
2900,"0",1
2902,"0",3
2903,"0",1
2904,"0",1
2905,"0",0
2906,"0",2
2907,"0",0
2908,"0",1
2910,"0",4
2912,"0",1
2914,"0",2
2916,"0",1
2917,"0",1
2918,"0",2
2921,"0",1
2922,"0",1
2923,"0",1
2924,"0",1
2925,"0",1
2927,"0",1
2928,"0",1
2929,"0",0
2932,"0",3
2933,"0",1
2934,"0",0
2936,"0",2
2937,"0",0
2938,"0",0
2939,"0",2
2940,"0",0
2941,"0",3
2947,"0",2
2948,"0",0
2949,"0",0
2951,"0",1
2952,"0",2
2953,"0",4
2954,"0",0
2955,"0",0
2956,"0",1
2957,"0",2
2959,"0",2
2961,"0",1
2963,"0",2
2964,"0",1
2965,"0",0
2968,"0",1
2969,"0",0
2970,"0",0
2971,"0",2
2972,"0",2
2973,"0",3
2974,"0",1
2975,"0",1
2977,"0",3
2979,"0",1
2980,"0",0
2981,"0",1
2982,"0",2
2984,"0",1
2986,"0",0
2988,"0",0
2989,"0",1
2990,"0",2
2992,"0",1
2994,"0",1
2996,"0",4
2998,"0",2
3000,"0",1
3002,"0",1
3003,"0",2
3004,"0",1
3005,"0",0
3006,"0",0
3009,"0",1
3010,"0",2
3011,"0",1
3012,"0",1
3013,"0",1
3016,"0",3
3017,"0",1
3018,"0",0
3019,"0",2
3020,"0",1
3021,"0",1
3023,"0",2
3024,"0",2
3025,"0",0
3027,"0",3
3031,"0",2
3033,"0",1
3034,"0",2
3039,"0",1
3040,"0",1
3041,"0",0
3043,"0",3
3044,"0",1
3045,"0",0
3046,"0",1
3047,"0",0
3049,"0",1
3051,"0",0
3053,"0",2
3055,"0",2
3058,"0",2
3060,"0",2
3064,"0",1
3065,"0",0
3066,"0",4
3067,"0",1
3068,"0",3
3070,"0",2
3072,"0",2
3076,"0",2
3077,"0",1
3078,"0",1
3079,"0",0
3080,"0",0
3081,"0",1
3082,"0",1
3083,"0",0
3084,"0",1
3086,"0",2
3088,"0",2
3090,"0",0
3091,"0",0
3094,"0",0
3095,"0",1
3096,"0",1
3097,"0",1
3098,"0",1
3099,"0",0
3100,"0",1
3101,"0",2
3102,"0",0
3103,"0",3
3105,"0",2
3107,"0",0
3109,"0",1
3111,"0",4
3112,"0",0
3113,"0",0
3115,"0",2
3116,"0",1
3117,"0",1
3118,"0",1
3120,"0",0
3122,"0",0
3123,"0",1
3124,"0",2
3125,"0",2
3127,"0",1
3129,"0",2
3131,"0",2
3133,"0",0
3134,"0",2
3135,"0",2
3136,"0",1
3138,"0",2
3139,"0",1
3140,"0",1
3142,"0",1
3144,"0",1
3146,"0",3
3147,"0",1
3149,"0",0
3150,"0",5
3152,"0",3
3156,"0",1
3157,"0",1
3158,"0",1
3160,"0",1
3162,"0",1
3163,"0",0
3164,"0",1
3165,"0",1
3166,"0",2
3172,"0",3
3173,"0",0
3174,"0",2
3176,"0",1
3177,"0",0
3178,"0",2
3179,"0",3
3180,"0",1
3182,"0",1
3183,"0",3
3184,"0",1
3185,"0",2
3187,"0",2
3189,"0",1
3192,"0",1
3193,"0",0
3195,"0",6
3197,"0",1
3198,"0",0
3199,"0",2
3201,"0",1
3202,"0",2
3203,"0",1
3205,"0",1
3207,"0",2
3208,"0",0
3209,"0",2
3210,"0",0
3212,"0",1
3213,"0",0
3215,"0",2
3217,"0",1
3218,"0",2
3219,"0",0
3220,"0",1
3222,"0",1
3223,"0",0
3225,"0",1
3227,"0",0
3228,"0",1
3229,"0",0
3230,"0",2
3232,"0",1
3233,"0",2
3234,"0",0
3237,"0",2
3239,"0",1
3240,"0",1
3241,"0",1
3242,"0",1
3243,"0",0
3245,"0",0
3246,"0",1
3248,"0",1
3250,"0",1
3251,"0",1
3252,"0",1
3253,"0",1
3254,"0",2
3255,"0",2
3259,"0",1
3260,"0",2
3263,"0",1
3264,"0",1
3265,"0",3
3266,"0",0
3267,"0",2
3269,"0",0
3270,"0",1
3271,"0",3
3273,"0",2
3274,"0",1
3275,"0",3
3277,"0",0
3279,"0",2
3281,"0",3
3283,"0",2
3284,"0",1
3286,"0",0
3287,"0",0
3289,"0",0
3290,"0",0
3291,"0",1
3293,"0",2
3295,"0",1
3296,"0",2
3297,"0",1
3298,"0",2
3299,"0",1
3300,"0",1
3301,"0",1
3302,"0",1
3304,"0",1
3305,"0",2
3306,"0",1
3307,"0",3
3308,"0",1
3309,"0",0
3310,"0",2
3312,"0",1
3313,"0",1
3316,"0",2
3317,"0",1
3318,"0",4
3319,"0",1
3320,"0",1
3321,"0",0
3322,"0",1
3324,"0",2
3325,"0",1
3326,"0",1
3328,"0",4
3329,"0",1
3330,"0",1
3332,"0",0
3334,"0",3
3335,"0",2
3336,"0",1
3337,"0",2
3338,"0",1
3339,"0",1
3341,"0",1
3344,"0",1
3345,"0",2
3347,"0",2
3349,"0",1
3351,"0",3
3352,"0",1
3353,"0",1
3355,"0",2
3357,"0",0
3358,"0",0
3359,"0",2
3361,"0",0
3362,"0",0
3364,"0",0
3365,"0",4
3367,"0",1
3370,"0",2
3371,"0",2
3373,"0",1
3375,"0",2
3378,"0",2
3380,"0",1
3382,"0",0
3384,"0",2
3385,"0",0
3386,"0",1
3387,"0",2
3388,"0",1
3389,"0",1
3390,"0",2
3391,"0",1
3392,"0",1
3393,"0",1
3394,"0",1
3395,"0",2
3396,"0",0
3398,"0",1
3399,"0",2
3400,"0",1
3401,"0",0
3402,"0",3
3403,"0",1
3404,"0",0
3405,"0",0
3407,"0",0
3408,"0",2
3409,"0",2
3410,"0",3
3411,"0",1
3412,"0",1
3414,"0",2
3416,"0",1
3417,"0",0
3419,"0",1
3421,"0",1
3423,"0",1
3424,"0",1
3425,"0",1
3427,"0",2
3429,"0",2
3431,"0",2
3433,"0",4
3434,"0",1
3435,"0",1
3436,"0",1
3437,"0",4
3439,"0",3
3441,"0",1
3442,"0",0
3443,"0",0
3444,"0",2
3445,"0",3
3448,"0",1
3449,"0",2
3450,"0",1
3451,"0",2
3453,"0",2
3454,"0",3
3456,"0",1
3458,"0",1
3459,"0",1
3460,"0",0
3462,"0",1
3463,"0",1
3464,"0",1
3466,"0",1
3467,"0",0
3469,"0",0
3470,"0",3
3472,"0",1
3473,"0",3
3477,"0",1
3480,"0",2
3481,"0",0
3482,"0",1
3483,"0",0
3484,"0",3
3486,"0",2
3487,"0",0
3488,"0",2
3489,"0",1
3490,"0",1
3492,"0",1
3495,"0",0
3498,"0",1
3505,"0",3
3507,"0",3
3508,"0",0
3509,"0",1
3510,"0",0
3511,"0",1
3513,"0",2
3515,"0",4
3518,"0",1
3519,"0",0
3520,"0",1
3521,"0",2
3522,"0",1
3523,"0",0
3524,"0",1
3525,"0",1
3526,"0",0
3527,"0",3
3528,"0",1
3529,"0",4
3530,"0",1
3531,"0",1
3532,"0",3
3533,"0",0
3538,"0",0
3539,"0",1
3540,"0",1
3541,"0",0
3542,"0",1
3544,"0",3
3548,"0",1
3550,"0",1
3551,"0",1
3552,"0",1
3554,"0",2
3555,"0",1
3556,"0",3
3558,"0",1
3559,"0",0
3560,"0",4
3563,"0",1
3564,"0",3
3568,"0",2
3570,"0",1
3573,"0",3
3574,"0",1
3575,"0",2
3577,"0",1
3579,"0",1
3580,"0",1
3581,"0",2
3583,"0",1
3585,"0",2
3586,"0",1
3587,"0",2
3588,"0",0
3589,"0",1
3591,"0",1
3593,"0",1
3596,"0",1
3597,"0",1
3598,"0",0
3599,"0",0
0,"1",200
1,"1",0
6,"1",0
7,"1",0
11,"1",1
12,"1",0
13,"1",0
15,"1",0
16,"1",0
17,"1",1
19,"1",2
21,"1",2
22,"1",1
23,"1",0
24,"1",0
25,"1",3
26,"1",1
27,"1",1
28,"1",0
29,"1",2
30,"1",1
31,"1",7
32,"1",0
33,"1",2
34,"1",0
35,"1",5
36,"1",0
37,"1",2
38,"1",0
39,"1",3
40,"1",1
41,"1",0
42,"1",4
43,"1",0
44,"1",5
45,"1",0
46,"1",3
47,"1",0
48,"1",4
49,"1",1
50,"1",4
51,"1",1
52,"1",2
53,"1",2
54,"1",1
55,"1",1
56,"1",0
57,"1",0
58,"1",3
59,"1",0
60,"1",5
61,"1",0
62,"1",4
63,"1",0
64,"1",5
65,"1",3
66,"1",10
67,"1",1
68,"1",4
69,"1",1
70,"1",9
71,"1",1
72,"1",3
73,"1",1
74,"1",4
75,"1",6
76,"1",5
77,"1",0
78,"1",5
79,"1",3
80,"1",1
81,"1",8
82,"1",1
83,"1",5
84,"1",4
85,"1",1
86,"1",1
87,"1",8
88,"1",0
89,"1",5
90,"1",2
91,"1",4
92,"1",0
93,"1",3
94,"1",2
95,"1",4
96,"1",3
97,"1",6
98,"1",5
99,"1",6
100,"1",3
101,"1",5
102,"1",2
103,"1",3
104,"1",4
105,"1",5
106,"1",1
107,"1",5
108,"1",1
109,"1",5
110,"1",0
111,"1",3
112,"1",1
113,"1",5
114,"1",3
115,"1",5
116,"1",3
117,"1",3
118,"1",1
119,"1",5
120,"1",5
121,"1",3
122,"1",1
123,"1",1
124,"1",4
125,"1",0
126,"1",5
127,"1",1
128,"1",4
129,"1",1
130,"1",3
131,"1",1
132,"1",6
133,"1",0
134,"1",4
135,"1",1
136,"1",4
137,"1",1
138,"1",4
139,"1",0
140,"1",9
141,"1",2
142,"1",9
143,"1",1
144,"1",2
145,"1",4
146,"1",1
147,"1",1
148,"1",7
149,"1",2
150,"1",5
151,"1",2
152,"1",8
153,"1",1
154,"1",4
155,"1",3
156,"1",2
157,"1",1
158,"1",10
159,"1",7
160,"1",2
161,"1",3
162,"1",1
163,"1",8
164,"1",1
165,"1",1
166,"1",1
167,"1",0
168,"1",2
169,"1",5
170,"1",0
171,"1",5
172,"1",1
173,"1",5
174,"1",0
175,"1",3
176,"1",2
177,"1",4
178,"1",2
179,"1",6
180,"1",3
181,"1",5
182,"1",0
183,"1",3
184,"1",2
185,"1",3
186,"1",0
187,"1",2
188,"1",2
189,"1",9
190,"1",0
191,"1",3
192,"1",1
193,"1",5
194,"1",1
195,"1",4
196,"1",2
197,"1",3
198,"1",4
199,"1",2
200,"1",7
201,"1",1
202,"1",10
203,"1",1
204,"1",7
205,"1",2
206,"1",3
207,"1",0
208,"1",7
209,"1",1
210,"1",1
211,"1",1
212,"1",1
213,"1",2
214,"1",6
215,"1",2
216,"1",4
217,"1",1
218,"1",1
219,"1",1
220,"1",6
221,"1",2
222,"1",5
223,"1",1
224,"1",7
225,"1",0
226,"1",3
227,"1",0
228,"1",2
229,"1",3
230,"1",4
231,"1",2
232,"1",1
233,"1",1
234,"1",1
235,"1",2
236,"1",1
237,"1",0
238,"1",0
239,"1",7
240,"1",3
241,"1",6
242,"1",0
243,"1",6
244,"1",0
245,"1",4
246,"1",2
247,"1",7
248,"1",0
249,"1",5
250,"1",2
251,"1",5
252,"1",0
253,"1",3
254,"1",2
255,"1",4
256,"1",2
257,"1",5
258,"1",0
259,"1",0
260,"1",0
261,"1",1
262,"1",1
263,"1",4
264,"1",2
265,"1",4
266,"1",1
267,"1",4
268,"1",1
269,"1",5
271,"1",2
272,"1",1
273,"1",6
274,"1",1
275,"1",3
276,"1",0
277,"1",5
278,"1",5
279,"1",4
280,"1",4
281,"1",0
282,"1",3
283,"1",0
284,"1",7
285,"1",1
286,"1",8
287,"1",2
288,"1",3
289,"1",2
290,"1",3
291,"1",0
292,"1",2
293,"1",2
294,"1",1
295,"1",2
296,"1",6
297,"1",3
298,"1",2
299,"1",1
300,"1",3
301,"1",1
302,"1",3
303,"1",2
304,"1",5
305,"1",0
306,"1",6
307,"1",1
308,"1",3
309,"1",0
310,"1",4
311,"1",4
312,"1",2
313,"1",2
314,"1",5
315,"1",0
316,"1",1
317,"1",7
318,"1",0
319,"1",2
320,"1",1
321,"1",4
322,"1",3
323,"1",2
324,"1",1
325,"1",4
327,"1",4
328,"1",1
329,"1",0
330,"1",0
331,"1",1
332,"1",0
333,"1",9
334,"1",1
335,"1",1
336,"1",0
337,"1",2
338,"1",1
339,"1",6
340,"1",2
341,"1",6
342,"1",0
343,"1",2
344,"1",5
345,"1",1
346,"1",0
347,"1",3
348,"1",1
349,"1",0
350,"1",0
351,"1",4
352,"1",1
353,"1",3
354,"1",2
355,"1",7
356,"1",3
357,"1",1
358,"1",5
359,"1",1
360,"1",2
361,"1",1
362,"1",4
364,"1",4
365,"1",0
366,"1",5
367,"1",0
368,"1",5
369,"1",0
370,"1",3
371,"1",0
372,"1",1
373,"1",4
374,"1",2
375,"1",0
376,"1",5
377,"1",2
378,"1",5
379,"1",2
380,"1",1
381,"1",1
382,"1",3
383,"1",1
384,"1",2
385,"1",1
386,"1",3
387,"1",1
388,"1",4
389,"1",1
390,"1",1
391,"1",2
392,"1",5
393,"1",0
394,"1",6
395,"1",0
396,"1",3
397,"1",3
398,"1",1
399,"1",4
400,"1",1
401,"1",0
402,"1",1
403,"1",5
404,"1",0
405,"1",1
406,"1",2
407,"1",2
408,"1",1
409,"1",0
410,"1",1
411,"1",3
412,"1",2
413,"1",4
414,"1",1
415,"1",2
416,"1",0
417,"1",5
418,"1",1
419,"1",3
420,"1",2
421,"1",2
422,"1",0
423,"1",4
424,"1",3
425,"1",2
426,"1",1
427,"1",4
428,"1",2
429,"1",2
430,"1",0
431,"1",1
432,"1",2
433,"1",3
434,"1",1
435,"1",4
436,"1",2
437,"1",3
438,"1",1
439,"1",0
440,"1",4
441,"1",0
442,"1",1
443,"1",2
444,"1",2
445,"1",1
446,"1",2
447,"1",1
448,"1",2
449,"1",1
450,"1",1
451,"1",1
452,"1",0
453,"1",0
454,"1",5
455,"1",1
456,"1",1
457,"1",0
458,"1",1
459,"1",0
460,"1",2
461,"1",1
462,"1",4
463,"1",0
464,"1",6
465,"1",0
466,"1",1
467,"1",2
468,"1",3
470,"1",4
471,"1",1
472,"1",2
473,"1",1
474,"1",1
475,"1",1
476,"1",2
477,"1",3
478,"1",1
479,"1",2
480,"1",0
481,"1",1
482,"1",1
483,"1",1
484,"1",1
485,"1",0
486,"1",3
487,"1",2
488,"1",0
489,"1",4
490,"1",1
491,"1",3
492,"1",1
493,"1",0
495,"1",3
496,"1",1
497,"1",2
498,"1",0
499,"1",2
500,"1",1
501,"1",2
502,"1",0
503,"1",3
504,"1",1
505,"1",3
506,"1",0
507,"1",2
508,"1",1
509,"1",0
510,"1",2
511,"1",2
512,"1",0
513,"1",4
514,"1",0
515,"1",1
516,"1",4
517,"1",1
518,"1",0
519,"1",0
520,"1",0
521,"1",0
522,"1",3
523,"1",1
524,"1",3
526,"1",0
527,"1",1
528,"1",6
529,"1",0
530,"1",3
531,"1",2
532,"1",3
533,"1",2
534,"1",3
535,"1",1
536,"1",2
537,"1",0
538,"1",1
539,"1",1
540,"1",3
541,"1",2
542,"1",2
543,"1",0
544,"1",0
545,"1",1
546,"1",2
547,"1",1
548,"1",2
549,"1",1
550,"1",0
551,"1",1
552,"1",5
553,"1",0
554,"1",3
555,"1",2
556,"1",1
557,"1",1
558,"1",0
559,"1",1
560,"1",2
561,"1",0
562,"1",0
563,"1",3
564,"1",1
565,"1",2
566,"1",2
567,"1",3
568,"1",0
569,"1",0
570,"1",2
571,"1",1
572,"1",0
573,"1",2
575,"1",4
576,"1",2
577,"1",2
578,"1",2
579,"1",1
580,"1",1
581,"1",1
582,"1",2
583,"1",1
584,"1",1
585,"1",2
586,"1",0
587,"1",2
588,"1",0
589,"1",2
590,"1",0
591,"1",2
592,"1",0
593,"1",1
594,"1",0
595,"1",2
596,"1",4
597,"1",0
598,"1",1
600,"1",0
601,"1",1
602,"1",2
603,"1",0
604,"1",1
606,"1",4
607,"1",2
608,"1",5
609,"1",1
610,"1",1
611,"1",0
612,"1",0
613,"1",1
614,"1",2
615,"1",0
616,"1",2
617,"1",0
618,"1",2
619,"1",0
620,"1",1
621,"1",0
622,"1",4
623,"1",0
624,"1",3
625,"1",0
626,"1",1
627,"1",1
628,"1",2
629,"1",0
630,"1",3
631,"1",2
632,"1",1
633,"1",0
634,"1",4
635,"1",3
636,"1",0
637,"1",1
638,"1",0
639,"1",2
640,"1",2
641,"1",0
642,"1",1
643,"1",2
644,"1",1
645,"1",4
646,"1",1
647,"1",1
648,"1",1
649,"1",2
650,"1",1
651,"1",0
653,"1",3
655,"1",1
656,"1",0
657,"1",2
658,"1",3
659,"1",2
660,"1",0
661,"1",3
662,"1",0
663,"1",2
664,"1",1
665,"1",0
666,"1",0
667,"1",2
668,"1",1
669,"1",2
670,"1",0
671,"1",3
672,"1",0
673,"1",2
674,"1",1
675,"1",4
676,"1",2
677,"1",1
678,"1",0
679,"1",1
680,"1",2
681,"1",0
682,"1",1
683,"1",2
684,"1",5
686,"1",2
688,"1",1
689,"1",1
690,"1",3
691,"1",2
692,"1",2
693,"1",1
694,"1",2
695,"1",0
696,"1",0
697,"1",1
698,"1",2
699,"1",0
700,"1",2
701,"1",0
702,"1",2
703,"1",1
704,"1",1
705,"1",0
706,"1",3
707,"1",1
708,"1",3
709,"1",1
710,"1",2
711,"1",1
712,"1",2
713,"1",1
714,"1",1
715,"1",1
716,"1",2
717,"1",1
718,"1",0
719,"1",1
721,"1",4
722,"1",2
723,"1",1
724,"1",0
725,"1",3
726,"1",2
727,"1",3
728,"1",1
729,"1",3
730,"1",2
731,"1",1
732,"1",1
733,"1",1
734,"1",1
735,"1",1
737,"1",3
738,"1",0
739,"1",3
740,"1",2
741,"1",3
742,"1",0
743,"1",2
744,"1",1
745,"1",0
746,"1",0
747,"1",1
748,"1",1
749,"1",1
750,"1",1
751,"1",0
752,"1",1
753,"1",3
754,"1",1
755,"1",2
756,"1",2
757,"1",2
758,"1",3
759,"1",1
760,"1",1
761,"1",1
762,"1",1
764,"1",1
765,"1",1
766,"1",2
767,"1",2
768,"1",2
769,"1",0
770,"1",0
771,"1",0
772,"1",1
773,"1",1
774,"1",2
775,"1",0
776,"1",2
777,"1",0
778,"1",0
779,"1",1
780,"1",3
782,"1",2
783,"1",0
784,"1",3
785,"1",3
786,"1",2
787,"1",1
788,"1",1
790,"1",1
791,"1",0
792,"1",1
793,"1",2
794,"1",2
795,"1",2
797,"1",5
798,"1",0
799,"1",3
800,"1",1
801,"1",2
802,"1",2
803,"1",4
804,"1",0
805,"1",1
806,"1",2
807,"1",3
808,"1",0
809,"1",2
811,"1",1
812,"1",1
813,"1",1
815,"1",3
816,"1",1
817,"1",2
819,"1",1
821,"1",1
822,"1",1
823,"1",3
824,"1",0
825,"1",4
826,"1",0
827,"1",3
828,"1",1
829,"1",0
831,"1",1
832,"1",3
833,"1",2
834,"1",2
836,"1",5
837,"1",1
838,"1",4
839,"1",2
840,"1",0
841,"1",1
842,"1",1
843,"1",0
844,"1",1
846,"1",3
847,"1",0
848,"1",3
849,"1",0
850,"1",1
851,"1",2
852,"1",2
853,"1",1
854,"1",2
856,"1",5
857,"1",1
858,"1",2
859,"1",2
860,"1",1
861,"1",0
862,"1",3
863,"1",0
864,"1",2
865,"1",1
866,"1",4
867,"1",0
868,"1",0
869,"1",1
870,"1",1
871,"1",0
872,"1",1
873,"1",2
874,"1",1
875,"1",3
876,"1",1
877,"1",1
878,"1",1
879,"1",3
880,"1",1
881,"1",1
882,"1",0
883,"1",0
884,"1",0
885,"1",1
886,"1",1
887,"1",4
888,"1",1
889,"1",3
890,"1",1
891,"1",1
892,"1",2
893,"1",2
894,"1",0
895,"1",0
896,"1",1
897,"1",1
898,"1",3
899,"1",1
900,"1",0
901,"1",0
902,"1",1
903,"1",3
904,"1",0
905,"1",0
907,"1",0
908,"1",0
909,"1",0
910,"1",1
911,"1",1
912,"1",1
913,"1",1
914,"1",4
916,"1",3
917,"1",1
918,"1",2
920,"1",0
922,"1",2
924,"1",3
925,"1",0
926,"1",1
927,"1",0
928,"1",3
929,"1",1
930,"1",2
931,"1",1
932,"1",1
933,"1",0
934,"1",2
935,"1",1
936,"1",0
937,"1",1
938,"1",0
939,"1",1
940,"1",1
941,"1",0
942,"1",3
943,"1",2
944,"1",1
945,"1",0
946,"1",3
947,"1",0
948,"1",2
949,"1",0
950,"1",1
952,"1",2
953,"1",1
954,"1",0
955,"1",2
956,"1",1
957,"1",3
958,"1",0
959,"1",1
960,"1",0
961,"1",1
962,"1",0
963,"1",3
964,"1",0
965,"1",1
966,"1",1
967,"1",1
968,"1",0
969,"1",0
970,"1",0
971,"1",1
972,"1",1
973,"1",2
974,"1",0
975,"1",2
976,"1",1
977,"1",1
978,"1",1
979,"1",1
981,"1",1
982,"1",1
983,"1",1
984,"1",0
985,"1",0
986,"1",0
987,"1",2
988,"1",0
989,"1",2
990,"1",3
991,"1",3
992,"1",5
993,"1",1
994,"1",1
995,"1",0
996,"1",1
997,"1",0
998,"1",2
1000,"1",2
1001,"1",1
1002,"1",4
1003,"1",1
1004,"1",3
1005,"1",0
1006,"1",4
1007,"1",2
1008,"1",3
1009,"1",1
1010,"1",3
1011,"1",0
1012,"1",2
1013,"1",0
1014,"1",2
1015,"1",1
1016,"1",1
1017,"1",1
1018,"1",0
1019,"1",1
1020,"1",3
1021,"1",0
1022,"1",2
1023,"1",1
1024,"1",0
1025,"1",0
1026,"1",2
1027,"1",0
1028,"1",0
1029,"1",1
1030,"1",1
1032,"1",1
1033,"1",2
1034,"1",2
1035,"1",1
1036,"1",3
1037,"1",2
1038,"1",2
1039,"1",1
1040,"1",0
1041,"1",2
1042,"1",0
1043,"1",0
1044,"1",0
1045,"1",1
1046,"1",1
1047,"1",2
1048,"1",0
1049,"1",2
1050,"1",0
1051,"1",1
1052,"1",1
1053,"1",0
1054,"1",1
1055,"1",0
1056,"1",0
1057,"1",2
1058,"1",0
1059,"1",0
1060,"1",0
1061,"1",2
1062,"1",1
1063,"1",2
1064,"1",2
1065,"1",1
1067,"1",1
1068,"1",1
1069,"1",0
1070,"1",0
1071,"1",0
1072,"1",0
1073,"1",0
1074,"1",1
1075,"1",0
1076,"1",1
1077,"1",0
1078,"1",5
1079,"1",0
1080,"1",3
1081,"1",1
1082,"1",1
1083,"1",0
1084,"1",2
1086,"1",1
1087,"1",0
1088,"1",3
1089,"1",1
1090,"1",1
1091,"1",0
1092,"1",0
1093,"1",1
1094,"1",2
1096,"1",1
1097,"1",1
1098,"1",0
1100,"1",3
1101,"1",1
1102,"1",2
1104,"1",3
1106,"1",0
1107,"1",0
1108,"1",2
1109,"1",0
1110,"1",4
1111,"1",2
1112,"1",1
1113,"1",2
1115,"1",0
1117,"1",1
1118,"1",1
1119,"1",2
1120,"1",0
1121,"1",3
1122,"1",3
1123,"1",2
1124,"1",1
1125,"1",4
1126,"1",0
1127,"1",0
1128,"1",0
1129,"1",3
1130,"1",0
1131,"1",2
1132,"1",0
1133,"1",1
1135,"1",1
1136,"1",0
1137,"1",2
1138,"1",0
1139,"1",3
1141,"1",1
1142,"1",0
1143,"1",3
1144,"1",0
1145,"1",1
1146,"1",2
1147,"1",0
1148,"1",1
1149,"1",2
1151,"1",1
1152,"1",1
1153,"1",0
1154,"1",2
1155,"1",1
1156,"1",0
1157,"1",0
1158,"1",0
1159,"1",1
1160,"1",1
1161,"1",0
1162,"1",2
1163,"1",0
1164,"1",3
1166,"1",0
1167,"1",0
1168,"1",0
1169,"1",0
1170,"1",2
1171,"1",0
1172,"1",2
1173,"1",1
1174,"1",3
1175,"1",0
1176,"1",2
1177,"1",1
1178,"1",3
1179,"1",0
1180,"1",1
1181,"1",0
1182,"1",4
1183,"1",1
1184,"1",2
1185,"1",2
1186,"1",3
1187,"1",1
1188,"1",2
1190,"1",2
1191,"1",4
1192,"1",0
1193,"1",0
1195,"1",1
1196,"1",0
1197,"1",2
1198,"1",1
1199,"1",3
1200,"1",0
1201,"1",2
1203,"1",1
1204,"1",0
1205,"1",0
1206,"1",2
1207,"1",1
1208,"1",1
1209,"1",3
1210,"1",0
1211,"1",2
1213,"1",2
1215,"1",0
1216,"1",0
1217,"1",0
1218,"1",1
1219,"1",2
1220,"1",0
1221,"1",2
1222,"1",1
1223,"1",1
1224,"1",2
1225,"1",2
1226,"1",0
1227,"1",1
1229,"1",1
1230,"1",4
1231,"1",1
1232,"1",0
1233,"1",0
1234,"1",0
1236,"1",1
1237,"1",0
1238,"1",0
1239,"1",0
1240,"1",2
1241,"1",1
1242,"1",2
1243,"1",0
1244,"1",2
1245,"1",0
1246,"1",1
1248,"1",3
1249,"1",1
1250,"1",2
1251,"1",0
1252,"1",0
1253,"1",1
1254,"1",3
1255,"1",0
1256,"1",2
1257,"1",0
1258,"1",1
1259,"1",1
1260,"1",1
1261,"1",1
1262,"1",0
1263,"1",1
1264,"1",0
1265,"1",1
1266,"1",2
1267,"1",1
1268,"1",1
1269,"1",0
1270,"1",2
1271,"1",0
1272,"1",0
1273,"1",1
1274,"1",1
1275,"1",0
1277,"1",1
1278,"1",1
1279,"1",0
1281,"1",3
1282,"1",0
1283,"1",1
1285,"1",1
1286,"1",1
1287,"1",1
1289,"1",1
1290,"1",1
1291,"1",0
1292,"1",0
1293,"1",1
1294,"1",1
1295,"1",1
1296,"1",1
1297,"1",2
1299,"1",1
1300,"1",0
1301,"1",0
1302,"1",0
1303,"1",1
1304,"1",0
1305,"1",2
1306,"1",0
1307,"1",1
1308,"1",0
1309,"1",3
1310,"1",1
1311,"1",1
1312,"1",5
1313,"1",0
1314,"1",1
1315,"1",1
1316,"1",0
1317,"1",0
1318,"1",1
1319,"1",1
1320,"1",1
1321,"1",1
1322,"1",3
1323,"1",0
1324,"1",0
1326,"1",2
1327,"1",0
1328,"1",0
1330,"1",1
1331,"1",0
1332,"1",0
1333,"1",2
1334,"1",1
1335,"1",1
1336,"1",1
1337,"1",2
1338,"1",0
1339,"1",0
1340,"1",4
1341,"1",1
1342,"1",0
1344,"1",1
1346,"1",1
1347,"1",2
1348,"1",0
1349,"1",1
1350,"1",2
1351,"1",2
1352,"1",1
1353,"1",0
1354,"1",1
1355,"1",0
1356,"1",0
1357,"1",0
1358,"1",0
1359,"1",1
1360,"1",0
1361,"1",0
1362,"1",0
1363,"1",2
1364,"1",0
1365,"1",0
1367,"1",4
1369,"1",2
1370,"1",0
1371,"1",0
1372,"1",1
1373,"1",1
1376,"1",2
1377,"1",0
1378,"1",0
1379,"1",1
1380,"1",0
1381,"1",1
1382,"1",0
1383,"1",0
1384,"1",0
1385,"1",1
1386,"1",0
1387,"1",1
1388,"1",1
1389,"1",0
1390,"1",2
1391,"1",0
1392,"1",1
1393,"1",0
1394,"1",2
1395,"1",0
1396,"1",1
1397,"1",1
1398,"1",1
1399,"1",2
1400,"1",1
1401,"1",0
1402,"1",1
1403,"1",0
1404,"1",1
1405,"1",0
1406,"1",1
1407,"1",1
1408,"1",0
1410,"1",1
1411,"1",0
1412,"1",0
1413,"1",0
1414,"1",1
1415,"1",0
1416,"1",0
1418,"1",2
1420,"1",0
1421,"1",0
1422,"1",1
1423,"1",0
1424,"1",1
1426,"1",0
1427,"1",1
1428,"1",0
1429,"1",3
1431,"1",2
1432,"1",0
1433,"1",0
1434,"1",0
1435,"1",0
1437,"1",1
1439,"1",1
1441,"1",0
1442,"1",0
1444,"1",0
1445,"1",2
1446,"1",0
1447,"1",2
1448,"1",0
1449,"1",0
1450,"1",0
1451,"1",1
1452,"1",0
1453,"1",1
1454,"1",1
1455,"1",0
1456,"1",1
1457,"1",3
1458,"1",0
1460,"1",1
1461,"1",2
1462,"1",1
1463,"1",2
1464,"1",2
1465,"1",1
1467,"1",0
1468,"1",0
1469,"1",1
1470,"1",4
1471,"1",1
1472,"1",3
1473,"1",1
1474,"1",3
1475,"1",2
1476,"1",2
1478,"1",1
1480,"1",1
1482,"1",5
1483,"1",0
1485,"1",0
1486,"1",0
1488,"1",0
1489,"1",2
1490,"1",1
1491,"1",0
1492,"1",1
1494,"1",0
1495,"1",1
1496,"1",1
1497,"1",0
1498,"1",2
1499,"1",0
1500,"1",1
1501,"1",0
1502,"1",3
1504,"1",1
1506,"1",0
1508,"1",3
1509,"1",1
1510,"1",0
1511,"1",0
1515,"1",0
1517,"1",2
1518,"1",0
1519,"1",1
1520,"1",1
1521,"1",2
1523,"1",1
1524,"1",0
1525,"1",0
1527,"1",1
1528,"1",0
1529,"1",0
1531,"1",1
1533,"1",0
1534,"1",0
1535,"1",2
1537,"1",2
1538,"1",0
1539,"1",3
1540,"1",0
1541,"1",1
1542,"1",0
1543,"1",4
1544,"1",1
1545,"1",1
1547,"1",3
1548,"1",0
1549,"1",0
1550,"1",1
1551,"1",0
1552,"1",0
1553,"1",0
1554,"1",0
1556,"1",1
1558,"1",3
1560,"1",3
1561,"1",0
1562,"1",1
1563,"1",2
1564,"1",3
1565,"1",0
1566,"1",3
1567,"1",0
1568,"1",0
1569,"1",0
1570,"1",0
1571,"1",0
1572,"1",2
1573,"1",0
1574,"1",0
1575,"1",0
1576,"1",0
1577,"1",1
1578,"1",1
1579,"1",1
1580,"1",0
1581,"1",1
1582,"1",0
1583,"1",0
1584,"1",0
1585,"1",2
1586,"1",0
1589,"1",1
1590,"1",0
1591,"1",1
1592,"1",1
1593,"1",1
1594,"1",1
1595,"1",1
1597,"1",1
1598,"1",0
1599,"1",1
1601,"1",2
1602,"1",0
1603,"1",1
1605,"1",2
1606,"1",0
1607,"1",2
1609,"1",1
1610,"1",0
1611,"1",4
1612,"1",1
1613,"1",0
1615,"1",0
1616,"1",0
1617,"1",1
1618,"1",1
1619,"1",0
1621,"1",0
1622,"1",1
1623,"1",1
1624,"1",0
1625,"1",1
1626,"1",0
1627,"1",3
1628,"1",1
1629,"1",0
1630,"1",2
1632,"1",1
1634,"1",2
1635,"1",0
1636,"1",3
1637,"1",0
1638,"1",4
1639,"1",0
1640,"1",1
1642,"1",2
1643,"1",0
1644,"1",0
1645,"1",1
1646,"1",0
1647,"1",0
1648,"1",2
1649,"1",0
1650,"1",2
1651,"1",0
1652,"1",3
1653,"1",0
1654,"1",2
1655,"1",0
1656,"1",2
1657,"1",1
1658,"1",0
1660,"1",3
1662,"1",0
1663,"1",0
1664,"1",1
1665,"1",0
1666,"1",1
1667,"1",2
1668,"1",0
1669,"1",2
1670,"1",0
1671,"1",1
1672,"1",0
1673,"1",2
1675,"1",2
1676,"1",0
1678,"1",0
1679,"1",2
1681,"1",1
1682,"1",1
1683,"1",2
1684,"1",0
1685,"1",4
1686,"1",1
1687,"1",1
1688,"1",1
1689,"1",1
1691,"1",1
1692,"1",0
1693,"1",1
1694,"1",0
1695,"1",2
1696,"1",1
1697,"1",1
1698,"1",0
1699,"1",1
1700,"1",1
1701,"1",0
1702,"1",2
1703,"1",2
1705,"1",1
1706,"1",1
1707,"1",3
1708,"1",3
1709,"1",1
1710,"1",1
1711,"1",0
1712,"1",1
1713,"1",0
1714,"1",1
1715,"1",1
1716,"1",0
1718,"1",2
1719,"1",1
1720,"1",1
1721,"1",1
1722,"1",0
1723,"1",0
1724,"1",2
1726,"1",1
1728,"1",1
1729,"1",0
1730,"1",1
1733,"1",0
1734,"1",1
1736,"1",1
1737,"1",2
1738,"1",2
1739,"1",2
1740,"1",2
1741,"1",0
1742,"1",0
1743,"1",0
1744,"1",1
1745,"1",0
1746,"1",1
1747,"1",1
1748,"1",0
1749,"1",1
1750,"1",1
1751,"1",2
1753,"1",2
1757,"1",0
1759,"1",1
1760,"1",1
1761,"1",1
1762,"1",1
1763,"1",0
1765,"1",1
1767,"1",2
1768,"1",0
1769,"1",2
1770,"1",0
1771,"1",1
1773,"1",1
1774,"1",1
1775,"1",1
1776,"1",2
1777,"1",3
1779,"1",0
1780,"1",0
1781,"1",2
1782,"1",0
1783,"1",3
1784,"1",0
1785,"1",1
1786,"1",2
1787,"1",1
1788,"1",1
1789,"1",0
1790,"1",1
1791,"1",2
1792,"1",0
1794,"1",1
1796,"1",0
1798,"1",2
1799,"1",0
1800,"1",1
1801,"1",0
1802,"1",2
1803,"1",0
1804,"1",0
1805,"1",0
1806,"1",1
1807,"1",0
1808,"1",1
1810,"1",1
1811,"1",1
1812,"1",2
1813,"1",2
1814,"1",2
1815,"1",0
1816,"1",0
1817,"1",1
1820,"1",1
1821,"1",0
1822,"1",3
1823,"1",0
1824,"1",1
1825,"1",0
1826,"1",1
1827,"1",0
1829,"1",0
1831,"1",0
1833,"1",1
1834,"1",1
1835,"1",1
1836,"1",1
1837,"1",2
1838,"1",1
1839,"1",2
1841,"1",1
1842,"1",0
1843,"1",2
1845,"1",0
1846,"1",1
1847,"1",0
1848,"1",0
1849,"1",1
1850,"1",0
1851,"1",0
1852,"1",0
1853,"1",1
1854,"1",0
1855,"1",1
1856,"1",0
1857,"1",1
1858,"1",1
1859,"1",1
1860,"1",0
1861,"1",1
1863,"1",0
1864,"1",1
1865,"1",1
1866,"1",0
1867,"1",1
1868,"1",0
1870,"1",2
1871,"1",2
1872,"1",0
1873,"1",0
1874,"1",0
1875,"1",1
1876,"1",1
1877,"1",0
1878,"1",2
1880,"1",2
1881,"1",1
1882,"1",0
1883,"1",0
1884,"1",0
1885,"1",0
1886,"1",1
1888,"1",1
1890,"1",3
1891,"1",0
1893,"1",1
1894,"1",2
1895,"1",0
1896,"1",0
1898,"1",0
1899,"1",2
1900,"1",0
1901,"1",0
1902,"1",1
1903,"1",2
1904,"1",1
1905,"1",1
1906,"1",0
1907,"1",1
1908,"1",0
1909,"1",2
1910,"1",2
1911,"1",0
1913,"1",3
1914,"1",0
1915,"1",5
1917,"1",1
1919,"1",1
1921,"1",0
1922,"1",0
1923,"1",0
1924,"1",1
1925,"1",0
1926,"1",0
1927,"1",2
1928,"1",1
1929,"1",1
1930,"1",0
1931,"1",1
1932,"1",1
1933,"1",2
1935,"1",2
1936,"1",0
1937,"1",1
1938,"1",1
1939,"1",0
1940,"1",0
1941,"1",2
1942,"1",1
1943,"1",1
1944,"1",1
1945,"1",1
1946,"1",0
1948,"1",1
1949,"1",0
1950,"1",3
1951,"1",0
1952,"1",2
1953,"1",0
1954,"1",0
1955,"1",0
1956,"1",0
1958,"1",1
1960,"1",2
1961,"1",0
1962,"1",1
1963,"1",1
1964,"1",2
1965,"1",1
1966,"1",1
1970,"1",0
1971,"1",0
1972,"1",3
1973,"1",0
1974,"1",2
1975,"1",0
1976,"1",1
1977,"1",2
1978,"1",0
1979,"1",0
1980,"1",1
1981,"1",0
1982,"1",0
1983,"1",2
1984,"1",1
1985,"1",0
1986,"1",0
1987,"1",1
1988,"1",2
1989,"1",1
1990,"1",0
1991,"1",2
1993,"1",0
1995,"1",3
1997,"1",2
1999,"1",1
2000,"1",1
2002,"1",0
2003,"1",0
2005,"1",1
2006,"1",0
2007,"1",1
2008,"1",0
2009,"1",1
2010,"1",0
2011,"1",3
2013,"1",1
2014,"1",1
2015,"1",0
2017,"1",0
2018,"1",2
2019,"1",0
2020,"1",2
2021,"1",1
2022,"1",1
2023,"1",1
2024,"1",0
2026,"1",1
2028,"1",1
2030,"1",1
2031,"1",0
2032,"1",1
2033,"1",0
2034,"1",1
2036,"1",1
2037,"1",0
2038,"1",1
2039,"1",0
2040,"1",1
2041,"1",0
2042,"1",2
2043,"1",0
2044,"1",3
2046,"1",1
2047,"1",0
2048,"1",0
2049,"1",1
2050,"1",2
2051,"1",1
2052,"1",0
2053,"1",0
2054,"1",1
2056,"1",1
2057,"1",0
2058,"1",1
2059,"1",0
2060,"1",1
2061,"1",3
2062,"1",1
2063,"1",0
2064,"1",7
2065,"1",1
2067,"1",2
2069,"1",2
2070,"1",1
2071,"1",2
2072,"1",0
2073,"1",1
2074,"1",0
2075,"1",1
2076,"1",1
2077,"1",0
2078,"1",0
2079,"1",2
2080,"1",1
2081,"1",1
2083,"1",0
2085,"1",0
2086,"1",0
2089,"1",0
2091,"1",2
2093,"1",0
2094,"1",0
2095,"1",1
2097,"1",1
2099,"1",1
2101,"1",1
2103,"1",3
2104,"1",1
2105,"1",0
2106,"1",0
2107,"1",0
2108,"1",0
2110,"1",2
2112,"1",1
2113,"1",0
2114,"1",1
2115,"1",0
2116,"1",1
2117,"1",0
2118,"1",0
2119,"1",1
2120,"1",1
2121,"1",3
2122,"1",0
2123,"1",0
2124,"1",0
2125,"1",0
2126,"1",2
2127,"1",0
2128,"1",0
2129,"1",0
2130,"1",0
2132,"1",0
2133,"1",0
2134,"1",2
2136,"1",1
2138,"1",1
2140,"1",2
2142,"1",0
2144,"1",2
2145,"1",1
2146,"1",2
2147,"1",2
2149,"1",2
2151,"1",1
2152,"1",0
2153,"1",2
2154,"1",1
2155,"1",2
2156,"1",1
2157,"1",1
2158,"1",0
2159,"1",0
2160,"1",1
2161,"1",1
2162,"1",0
2163,"1",0
2164,"1",0
2165,"1",1
2168,"1",0
2169,"1",1
2171,"1",0
2173,"1",2
2174,"1",0
2175,"1",1
2176,"1",0
2177,"1",0
2178,"1",0
2179,"1",0
2180,"1",1
2181,"1",2
2183,"1",0
2184,"1",1
2185,"1",1
2186,"1",2
2187,"1",0
2188,"1",2
2189,"1",1
2190,"1",1
2192,"1",3
2194,"1",1
2195,"1",0
2196,"1",1
2197,"1",1
2198,"1",0
2199,"1",1
2200,"1",1
2201,"1",1
2202,"1",0
2203,"1",1
2204,"1",1
2205,"1",1
2206,"1",0
2208,"1",0
2209,"1",1
2210,"1",2
2212,"1",1
2213,"1",0
2214,"1",0
2215,"1",0
2216,"1",0
2218,"1",0
2219,"1",2
2220,"1",0
2221,"1",0
2222,"1",0
2223,"1",2
2224,"1",0
2225,"1",1
2226,"1",0
2227,"1",3
2229,"1",1
2230,"1",0
2231,"1",1
2232,"1",0
2233,"1",2
2235,"1",0
2236,"1",0
2237,"1",0
2239,"1",0
2242,"1",0
2243,"1",0
2244,"1",0
2245,"1",1
2247,"1",2
2248,"1",0
2249,"1",2
2250,"1",0
2251,"1",1
2252,"1",0
2253,"1",1
2255,"1",2
2256,"1",0
2257,"1",1
2258,"1",0
2259,"1",2
2260,"1",0
2261,"1",0
2262,"1",1
2263,"1",0
2264,"1",1
2265,"1",0
2266,"1",1
2267,"1",0
2268,"1",1
2269,"1",0
2270,"1",1
2271,"1",0
2272,"1",1
2274,"1",3
2275,"1",0
2276,"1",1
2277,"1",1
2278,"1",2
2279,"1",0
2280,"1",1
2282,"1",1
2283,"1",1
2284,"1",3
2286,"1",1
2287,"1",0
2288,"1",1
2290,"1",2
2291,"1",0
2292,"1",0
2293,"1",1
2294,"1",1
2296,"1",0
2297,"1",0
2298,"1",2
2299,"1",0
2301,"1",1
2302,"1",1
2303,"1",2
2304,"1",0
2305,"1",1
2306,"1",0
2307,"1",1
2309,"1",2
2311,"1",1
2312,"1",1
2313,"1",1
2314,"1",0
2315,"1",2
2317,"1",2
2318,"1",0
2319,"1",2
2321,"1",2
2323,"1",0
2324,"1",0
2326,"1",0
2328,"1",1
2329,"1",2
2330,"1",1
2331,"1",2
2332,"1",1
2333,"1",1
2334,"1",1
2335,"1",1
2336,"1",0
2337,"1",2
2338,"1",0
2339,"1",1
2340,"1",0
2342,"1",0
2343,"1",0
2344,"1",0
2345,"1",0
2346,"1",0
2350,"1",0
2351,"1",1
2352,"1",0
2353,"1",1
2354,"1",0
2355,"1",0
2356,"1",1
2357,"1",1
2358,"1",0
2359,"1",0
2360,"1",1
2361,"1",0
2362,"1",2
2364,"1",2
2366,"1",1
2367,"1",0
2368,"1",0
2369,"1",0
2370,"1",3
2371,"1",0
2372,"1",1
2373,"1",0
2374,"1",0
2376,"1",0
2377,"1",0
2378,"1",1
2380,"1",0
2381,"1",3
2382,"1",2
2383,"1",2
2385,"1",1
2387,"1",1
2389,"1",1
2390,"1",0
2391,"1",2
2393,"1",0
2394,"1",1
2395,"1",3
2396,"1",0
2397,"1",4
2399,"1",4
2400,"1",0
2401,"1",1
2403,"1",1
2404,"1",0
2405,"1",1
2407,"1",1
2408,"1",0
2409,"1",1
2410,"1",1
2411,"1",1
2413,"1",1
2414,"1",1
2415,"1",2
2416,"1",1
2417,"1",1
2418,"1",0
2419,"1",0
2420,"1",0
2421,"1",1
2422,"1",0
2424,"1",1
2425,"1",0
2426,"1",1
2427,"1",0
2428,"1",1
2430,"1",2
2431,"1",0
2432,"1",2
2433,"1",1
2434,"1",0
2435,"1",0
2436,"1",0
2437,"1",2
2438,"1",1
2439,"1",1
2440,"1",0
2441,"1",1
2442,"1",2
2444,"1",0
2445,"1",0
2446,"1",1
2447,"1",1
2448,"1",0
2450,"1",3
2451,"1",0
2452,"1",0
2453,"1",0
2454,"1",2
2455,"1",0
2456,"1",1
2458,"1",2
2459,"1",1
2460,"1",0
2462,"1",0
2463,"1",0
2465,"1",1
2467,"1",1
2468,"1",0
2469,"1",2
2470,"1",0
2471,"1",0
2473,"1",0
2475,"1",0
2476,"1",0
2477,"1",0
2479,"1",0
2480,"1",0
2481,"1",0
2482,"1",0
2483,"1",0
2484,"1",0
2485,"1",2
2487,"1",2
2489,"1",2
2490,"1",0
2491,"1",2
2492,"1",1
2493,"1",0
2495,"1",1
2497,"1",1
2498,"1",0
2499,"1",0
2500,"1",0
2501,"1",2
2502,"1",0
2504,"1",0
2506,"1",1
2508,"1",0
2510,"1",0
2511,"1",0
2512,"1",1
2514,"1",0
2516,"1",0
2518,"1",0
2519,"1",0
2520,"1",0
2521,"1",0
2522,"1",2
2523,"1",1
2524,"1",1
2525,"1",0
2526,"1",1
2529,"1",0
2530,"1",3
2531,"1",1
2532,"1",0
2533,"1",1
2534,"1",2
2536,"1",0
2540,"1",2
2541,"1",2
2542,"1",1
2543,"1",2
2545,"1",1
2547,"1",0
2548,"1",0
2549,"1",1
2550,"1",1
2551,"1",1
2552,"1",2
2553,"1",2
2554,"1",1
2555,"1",1
2557,"1",0
2558,"1",0
2559,"1",0
2560,"1",1
2561,"1",3
2562,"1",1
2563,"1",1
2565,"1",0
2566,"1",0
2567,"1",1
2568,"1",0
2569,"1",1
2571,"1",0
2572,"1",0
2573,"1",1
2574,"1",0
2575,"1",0
2577,"1",0
2578,"1",2
2579,"1",0
2580,"1",1
2582,"1",0
2584,"1",0
2586,"1",0
2587,"1",0
2588,"1",0
2589,"1",0
2590,"1",2
2591,"1",1
2592,"1",1
2593,"1",0
2594,"1",0
2596,"1",0
2597,"1",0
2598,"1",3
2599,"1",0
2600,"1",0
2601,"1",1
2602,"1",2
2604,"1",0
2606,"1",1
2607,"1",1
2610,"1",1
2612,"1",2
2613,"1",0
2614,"1",0
2616,"1",1
2617,"1",0
2618,"1",2
2620,"1",1
2621,"1",2
2622,"1",1
2623,"1",0
2625,"1",0
2627,"1",0
2628,"1",1
2629,"1",0
2630,"1",0
2631,"1",1
2633,"1",1
2635,"1",1
2637,"1",2
2639,"1",1
2641,"1",2
2642,"1",1
2645,"1",4
2647,"1",0
2648,"1",1
2649,"1",3
2650,"1",0
2651,"1",0
2652,"1",0
2653,"1",2
2654,"1",0
2657,"1",2
2659,"1",1
2660,"1",1
2661,"1",0
2662,"1",1
2663,"1",1
2664,"1",2
2665,"1",1
2666,"1",0
2667,"1",0
2668,"1",1
2669,"1",0
2670,"1",1
2672,"1",2
2673,"1",1
2674,"1",0
2676,"1",0
2677,"1",0
2678,"1",0
2680,"1",1
2681,"1",2
2682,"1",1
2684,"1",0
2686,"1",0
2687,"1",0
2690,"1",2
2691,"1",1
2692,"1",1
2693,"1",0
2694,"1",2
2695,"1",0
2696,"1",1
2697,"1",1
2698,"1",1
2700,"1",1
2701,"1",1
2703,"1",1
2705,"1",3
2706,"1",0
2707,"1",0
2708,"1",1
2709,"1",0
2711,"1",0
2712,"1",0
2713,"1",0
2715,"1",1
2716,"1",1
2717,"1",0
2718,"1",1
2719,"1",1
2721,"1",0
2723,"1",0
2724,"1",0
2725,"1",0
2726,"1",1
2727,"1",1
2729,"1",1
2732,"1",1
2733,"1",1
2734,"1",0
2735,"1",1
2737,"1",1
2739,"1",1
2740,"1",0
2741,"1",0
2742,"1",1
2744,"1",0
2746,"1",0
2748,"1",1
2749,"1",0
2750,"1",2
2752,"1",0
2754,"1",1
2756,"1",0
2757,"1",1
2758,"1",0
2760,"1",1
2761,"1",0
2762,"1",1
2764,"1",1
2766,"1",1
2767,"1",1
2768,"1",1
2769,"1",0
2770,"1",0
2771,"1",1
2772,"1",0
2773,"1",0
2774,"1",1
2775,"1",1
2777,"1",0
2778,"1",0
2779,"1",2
2780,"1",0
2781,"1",0
2783,"1",0
2784,"1",0
2785,"1",1
2786,"1",0
2787,"1",0
2789,"1",0
2790,"1",1
2791,"1",2
2792,"1",0
2793,"1",0
2795,"1",2
2796,"1",0
2797,"1",1
2799,"1",0
2801,"1",0
2802,"1",1
2803,"1",0
2804,"1",1
2805,"1",1
2807,"1",0
2809,"1",0
2811,"1",2
2813,"1",2
2814,"1",3
2815,"1",1
2817,"1",2
2818,"1",0
2819,"1",0
2820,"1",1
2823,"1",0
2824,"1",2
2825,"1",0
2826,"1",0
2828,"1",1
2830,"1",1
2831,"1",0
2832,"1",0
2833,"1",0
2834,"1",0
2835,"1",1
2836,"1",1
2838,"1",0
2839,"1",0
2840,"1",1
2842,"1",1
2844,"1",0
2846,"1",0
2847,"1",1
2850,"1",0
2852,"1",0
2853,"1",3
2854,"1",1
2856,"1",0
2858,"1",2
2859,"1",1
2860,"1",0
2861,"1",0
2863,"1",2
2864,"1",0
2865,"1",2
2867,"1",1
2868,"1",0
2869,"1",1
2870,"1",0
2871,"1",0
2873,"1",0
2875,"1",1
2877,"1",0
2879,"1",1
2881,"1",2
2882,"1",0
2883,"1",0
2884,"1",0
2885,"1",2
2887,"1",1
2888,"1",0
2889,"1",1
2891,"1",0
2893,"1",1
2894,"1",1
2895,"1",2
2897,"1",0
2898,"1",0
2900,"1",0
2902,"1",1
2903,"1",1
2904,"1",1
2905,"1",2
2906,"1",2
2907,"1",1
2908,"1",1
2910,"1",0
2912,"1",1
2914,"1",2
2916,"1",0
2917,"1",1
2918,"1",1
2921,"1",0
2922,"1",0
2923,"1",0
2924,"1",2
2925,"1",0
2927,"1",0
2928,"1",0
2929,"1",1
2932,"1",1
2933,"1",0
2934,"1",1
2936,"1",0
2937,"1",1
2938,"1",1
2939,"1",1
2940,"1",1
2941,"1",0
2947,"1",0
2948,"1",1
2949,"1",2
2951,"1",0
2952,"1",0
2953,"1",0
2954,"1",2
2955,"1",3
2956,"1",1
2957,"1",1
2959,"1",2
2961,"1",3
2963,"1",0
2964,"1",0
2965,"1",1
2968,"1",0
2969,"1",3
2970,"1",1
2971,"1",0
2972,"1",0
2973,"1",1
2974,"1",0
2975,"1",2
2977,"1",3
2979,"1",0
2980,"1",1
2981,"1",0
2982,"1",3
2984,"1",1
2986,"1",1
2988,"1",1
2989,"1",0
2990,"1",1
2992,"1",0
2994,"1",2
2996,"1",1
2998,"1",2
3000,"1",1
3002,"1",0
3003,"1",0
3004,"1",1
3005,"1",1
3006,"1",1
3009,"1",0
3010,"1",0
3011,"1",0
3012,"1",0
3013,"1",0
3016,"1",0
3017,"1",1
3018,"1",1
3019,"1",0
3020,"1",0
3021,"1",0
3023,"1",0
3024,"1",1
3025,"1",1
3027,"1",1
3031,"1",0
3033,"1",3
3034,"1",0
3039,"1",1
3040,"1",0
3041,"1",2
3043,"1",1
3044,"1",0
3045,"1",1
3046,"1",1
3047,"1",1
3049,"1",0
3051,"1",1
3053,"1",0
3055,"1",2
3058,"1",0
3060,"1",0
3064,"1",3
3065,"1",1
3066,"1",1
3067,"1",0
3068,"1",0
3070,"1",1
3072,"1",0
3076,"1",1
3077,"1",0
3078,"1",2
3079,"1",1
3080,"1",4
3081,"1",0
3082,"1",0
3083,"1",1
3084,"1",0
3086,"1",0
3088,"1",2
3090,"1",2
3091,"1",1
3094,"1",1
3095,"1",1
3096,"1",0
3097,"1",2
3098,"1",0
3099,"1",3
3100,"1",0
3101,"1",0
3102,"1",1
3103,"1",0
3105,"1",1
3107,"1",1
3109,"1",2
3111,"1",1
3112,"1",1
3113,"1",1
3115,"1",0
3116,"1",1
3117,"1",2
3118,"1",0
3120,"1",1
3122,"1",1
3123,"1",0
3124,"1",2
3125,"1",0
3127,"1",0
3129,"1",1
3131,"1",0
3133,"1",2
3134,"1",0
3135,"1",1
3136,"1",0
3138,"1",0
3139,"1",0
3140,"1",1
3142,"1",0
3144,"1",0
3146,"1",2
3147,"1",1
3149,"1",1
3150,"1",0
3152,"1",2
3156,"1",0
3157,"1",0
3158,"1",1
3160,"1",1
3162,"1",0
3163,"1",1
3164,"1",0
3165,"1",0
3166,"1",1
3172,"1",0
3173,"1",1
3174,"1",1
3176,"1",0
3177,"1",1
3178,"1",1
3179,"1",0
3180,"1",0
3182,"1",0
3183,"1",2
3184,"1",0
3185,"1",1
3187,"1",1
3189,"1",0
3192,"1",0
3193,"1",2
3195,"1",1
3197,"1",0
3198,"1",1
3199,"1",0
3201,"1",2
3202,"1",1
3203,"1",0
3205,"1",0
3207,"1",1
3208,"1",1
3209,"1",0
3210,"1",1
3212,"1",1
3213,"1",1
3215,"1",0
3217,"1",0
3218,"1",2
3219,"1",1
3220,"1",0
3222,"1",0
3223,"1",1
3225,"1",0
3227,"1",1
3228,"1",0
3229,"1",2
3230,"1",0
3232,"1",0
3233,"1",0
3234,"1",1
3237,"1",1
3239,"1",1
3240,"1",0
3241,"1",2
3242,"1",1
3243,"1",1
3245,"1",1
3246,"1",1
3248,"1",1
3250,"1",1
3251,"1",0
3252,"1",0
3253,"1",0
3254,"1",1
3255,"1",1
3259,"1",0
3260,"1",0
3263,"1",0
3264,"1",0
3265,"1",0
3266,"1",2
3267,"1",1
3269,"1",2
3270,"1",0
3271,"1",1
3273,"1",1
3274,"1",1
3275,"1",1
3277,"1",1
3279,"1",0
3281,"1",0
3283,"1",2
3284,"1",0
3286,"1",2
3287,"1",1
3289,"1",1
3290,"1",2
3291,"1",2
3293,"1",0
3295,"1",1
3296,"1",1
3297,"1",0
3298,"1",0
3299,"1",0
3300,"1",1
3301,"1",0
3302,"1",0
3304,"1",0
3305,"1",0
3306,"1",3
3307,"1",0
3308,"1",0
3309,"1",1
3310,"1",2
3312,"1",0
3313,"1",0
3316,"1",0
3317,"1",0
3318,"1",1
3319,"1",0
3320,"1",0
3321,"1",1
3322,"1",1
3324,"1",4
3325,"1",0
3326,"1",0
3328,"1",0
3329,"1",0
3330,"1",1
3332,"1",2
3334,"1",1
3335,"1",0
3336,"1",0
3337,"1",1
3338,"1",0
3339,"1",0
3341,"1",2
3344,"1",0
3345,"1",3
3347,"1",3
3349,"1",2
3351,"1",0
3352,"1",0
3353,"1",1
3355,"1",1
3357,"1",1
3358,"1",1
3359,"1",0
3361,"1",1
3362,"1",2
3364,"1",2
3365,"1",1
3367,"1",0
3370,"1",0
3371,"1",1
3373,"1",0
3375,"1",0
3378,"1",0
3380,"1",0
3382,"1",2
3384,"1",0
3385,"1",1
3386,"1",1
3387,"1",0
3388,"1",1
3389,"1",0
3390,"1",1
3391,"1",0
3392,"1",1
3393,"1",0
3394,"1",1
3395,"1",2
3396,"1",1
3398,"1",2
3399,"1",0
3400,"1",0
3401,"1",1
3402,"1",0
3403,"1",0
3404,"1",1
3405,"1",1
3407,"1",2
3408,"1",0
3409,"1",0
3410,"1",2
3411,"1",0
3412,"1",0
3414,"1",0
3416,"1",0
3417,"1",1
3419,"1",0
3421,"1",0
3423,"1",1
3424,"1",0
3425,"1",0
3427,"1",1
3429,"1",1
3431,"1",0
3433,"1",1
3434,"1",0
3435,"1",0
3436,"1",0
3437,"1",1
3439,"1",1
3441,"1",0
3442,"1",1
3443,"1",1
3444,"1",0
3445,"1",1
3448,"1",0
3449,"1",0
3450,"1",0
3451,"1",0
3453,"1",0
3454,"1",0
3456,"1",0
3458,"1",0
3459,"1",0
3460,"1",1
3462,"1",0
3463,"1",0
3464,"1",0
3466,"1",0
3467,"1",1
3469,"1",2
3470,"1",0
3472,"1",1
3473,"1",0
3477,"1",0
3480,"1",0
3481,"1",1
3482,"1",0
3483,"1",1
3484,"1",0
3486,"1",1
3487,"1",2
3488,"1",0
3489,"1",0
3490,"1",1
3492,"1",0
3495,"1",3
3498,"1",1
3505,"1",0
3507,"1",0
3508,"1",1
3509,"1",1
3510,"1",1
3511,"1",0
3513,"1",2
3515,"1",1
3518,"1",1
3519,"1",1
3520,"1",0
3521,"1",0
3522,"1",0
3523,"1",2
3524,"1",0
3525,"1",2
3526,"1",1
3527,"1",1
3528,"1",1
3529,"1",0
3530,"1",0
3531,"1",1
3532,"1",0
3533,"1",1
3538,"1",2
3539,"1",0
3540,"1",1
3541,"1",1
3542,"1",1
3544,"1",2
3548,"1",1
3550,"1",0
3551,"1",0
3552,"1",0
3554,"1",2
3555,"1",1
3556,"1",1
3558,"1",0
3559,"1",1
3560,"1",0
3563,"1",0
3564,"1",0
3568,"1",0
3570,"1",0
3573,"1",0
3574,"1",0
3575,"1",0
3577,"1",1
3579,"1",1
3580,"1",0
3581,"1",0
3583,"1",1
3585,"1",0
3586,"1",0
3587,"1",0
3588,"1",1
3589,"1",1
3591,"1",0
3593,"1",1
3596,"1",1
3597,"1",1
3598,"1",2
3599,"1",1
